Search Date,Airline,Flight Number,Source City,Departure Time,Number of Stops,Arrival Time,Destination City,Duration (Minutes),Price
2024-04-15,Virgin Atlantic,8,Los Angeles,2024-04-15T15:55:00,0,2024-04-16T10:15:00,London,620,$459
2024-04-15,Virgin Atlantic,142,Los Angeles,2024-04-15T19:10:00,0,2024-04-16T13:30:00,London,620,$459
2024-04-15,British Airways,1509,Los Angeles,2024-04-15T14:25:00,0,2024-04-16T09:00:00,London,635,$458
2024-04-15,British Airways,1604,Los Angeles,2024-04-15T18:15:00,0,2024-04-16T12:50:00,London,635,$458
2024-04-15,Delta,5978,Los Angeles,2024-04-15T15:55:00,0,2024-04-16T10:15:00,London,620,$459
2024-04-15,British Airways,280,Los Angeles,2024-04-15T17:10:00,0,2024-04-16T11:30:00,London,620,$472
2024-04-15,British Airways,1613,Los Angeles,2024-04-15T21:30:00,0,2024-04-16T16:05:00,London,635,$458
2024-04-15,Alaska Airlines,8036,Los Angeles,2024-04-15T14:25:00,0,2024-04-16T09:00:00,London,635,$443
2024-04-15,Delta,5925,Los Angeles,2024-04-15T19:10:00,0,2024-04-16T13:30:00,London,620,$459
2024-04-15,Alaska Airlines,8034,Los Angeles,2024-04-15T18:15:00,0,2024-04-16T12:50:00,London,635,$443
2024-04-16,Norse Atlantic Airways (UK),712,Los Angeles,2024-04-16T16:30:00,0,2024-04-17T10:55:00,London,625,$248
2024-04-16,Virgin Atlantic,8,Los Angeles,2024-04-16T15:55:00,0,2024-04-17T10:15:00,London,620,$459
2024-04-16,Virgin Atlantic,142,Los Angeles,2024-04-16T19:10:00,0,2024-04-17T13:30:00,London,620,$459
2024-04-16,British Airways,1604,Los Angeles,2024-04-16T18:15:00,0,2024-04-17T12:50:00,London,635,$458
2024-04-16,British Airways,1613,Los Angeles,2024-04-16T21:30:00,0,2024-04-17T16:05:00,London,635,$458
2024-04-16,Delta,5978,Los Angeles,2024-04-16T15:55:00,0,2024-04-17T10:15:00,London,620,$459
2024-04-16,Delta,5925,Los Angeles,2024-04-16T19:10:00,0,2024-04-17T13:30:00,London,620,$459
2024-04-16,Alaska Airlines,8034,Los Angeles,2024-04-16T18:15:00,0,2024-04-17T12:50:00,London,635,$443
2024-04-16,United,923,Los Angeles,2024-04-16T16:50:00,0,2024-04-17T11:25:00,London,635,$459
2024-04-16,Alaska Airlines,8038,Los Angeles,2024-04-16T21:30:00,0,2024-04-17T16:05:00,London,635,$443
2024-04-17,British Airways,1604,Los Angeles,2024-04-17T18:15:00,0,2024-04-18T12:50:00,London,635,$423
2024-04-17,British Airways,1613,Los Angeles,2024-04-17T21:30:00,0,2024-04-18T16:05:00,London,635,$423
2024-04-17,American Airlines,134,Los Angeles,2024-04-17T18:15:00,0,2024-04-18T12:50:00,London,635,$424
2024-04-17,Virgin Atlantic,142,Los Angeles,2024-04-17T19:10:00,0,2024-04-18T13:30:00,London,620,$444
2024-04-17,American Airlines,138,Los Angeles,2024-04-17T21:30:00,0,2024-04-18T16:05:00,London,635,$424
2024-04-17,Virgin Atlantic,8,Los Angeles,2024-04-17T15:55:00,0,2024-04-18T10:15:00,London,620,$444
2024-04-17,British Airways,1509,Los Angeles,2024-04-17T14:25:00,0,2024-04-18T09:00:00,London,635,$437
2024-04-17,Alaska Airlines,8034,Los Angeles,2024-04-17T18:15:00,0,2024-04-18T12:50:00,London,635,$423
2024-04-17,Delta,5925,Los Angeles,2024-04-17T19:10:00,0,2024-04-18T13:30:00,London,620,$444
2024-04-17,Alaska Airlines,8038,Los Angeles,2024-04-17T21:30:00,0,2024-04-18T16:05:00,London,635,$423
2024-04-18,Norse Atlantic Airways (UK),712,Los Angeles,2024-04-18T16:30:00,0,2024-04-19T10:55:00,London,625,$278
2024-04-18,Virgin Atlantic,142,Los Angeles,2024-04-18T19:10:00,0,2024-04-19T13:30:00,London,620,$494
2024-04-18,Virgin Atlantic,8,Los Angeles,2024-04-18T15:55:00,0,2024-04-19T10:15:00,London,620,$494
2024-04-18,Delta,5925,Los Angeles,2024-04-18T19:10:00,0,2024-04-19T13:30:00,London,620,$494
2024-04-18,Delta,5978,Los Angeles,2024-04-18T15:55:00,0,2024-04-19T10:15:00,London,620,$494
2024-04-18,Virgin Atlantic,4097,Los Angeles,2024-04-18T20:00:00,0,2024-04-19T14:50:00,London,650,$494
2024-04-18,United,923,Los Angeles,2024-04-18T16:50:00,0,2024-04-19T11:25:00,London,635,$494
2024-04-18,British Airways,1613,Los Angeles,2024-04-18T21:30:00,0,2024-04-19T16:05:00,London,635,$523
2024-04-18,United,231,Los Angeles,2024-04-18T12:50:00,0,2024-04-19T07:25:00,London,635,$494
2024-04-18,British Airways,1604,Los Angeles,2024-04-18T18:15:00,0,2024-04-19T12:50:00,London,635,$523
2024-04-19,Virgin Atlantic,142,Los Angeles,2024-04-19T19:10:00,0,2024-04-20T13:30:00,London,620,$494
2024-04-19,Virgin Atlantic,8,Los Angeles,2024-04-19T15:55:00,0,2024-04-20T10:15:00,London,620,$494
2024-04-19,Delta,5925,Los Angeles,2024-04-19T19:10:00,0,2024-04-20T13:30:00,London,620,$494
2024-04-19,Delta,5978,Los Angeles,2024-04-19T15:55:00,0,2024-04-20T10:15:00,London,620,$494
2024-04-19,Virgin Atlantic,4097,Los Angeles,2024-04-19T20:00:00,0,2024-04-20T14:50:00,London,650,$494
2024-04-19,United,923,Los Angeles,2024-04-19T16:50:00,0,2024-04-20T11:25:00,London,635,$494
2024-04-19,Delta,186,Los Angeles,2024-04-19T20:00:00,0,2024-04-20T14:50:00,London,650,$494
2024-04-19,United,231,Los Angeles,2024-04-19T12:50:00,0,2024-04-20T07:25:00,London,635,$494
2024-04-19,British Airways,1604,Los Angeles,2024-04-19T18:15:00,0,2024-04-20T12:50:00,London,635,$523
2024-04-19,Air France,9092,Los Angeles,2024-04-19T20:00:00,0,2024-04-20T14:50:00,London,650,$494
2024-04-20,Virgin Atlantic,142,Los Angeles,2024-04-20T19:10:00,0,2024-04-21T13:30:00,London,620,$494
2024-04-20,Virgin Atlantic,8,Los Angeles,2024-04-20T15:55:00,0,2024-04-21T10:15:00,London,620,$494
2024-04-20,Delta,5978,Los Angeles,2024-04-20T15:55:00,0,2024-04-21T10:15:00,London,620,$494
2024-04-20,Delta,5925,Los Angeles,2024-04-20T19:10:00,0,2024-04-21T13:30:00,London,620,$494
2024-04-20,Virgin Atlantic,4097,Los Angeles,2024-04-20T20:00:00,0,2024-04-21T14:50:00,London,650,$494
2024-04-20,United,231,Los Angeles,2024-04-20T12:50:00,0,2024-04-21T07:25:00,London,635,$494
2024-04-20,United,923,Los Angeles,2024-04-20T16:50:00,0,2024-04-21T11:25:00,London,635,$494
2024-04-20,Delta,186,Los Angeles,2024-04-20T20:00:00,0,2024-04-21T14:50:00,London,650,$494
2024-04-20,Lufthansa,9336,Los Angeles,2024-04-20T12:50:00,0,2024-04-21T07:25:00,London,635,$494
2024-04-20,Lufthansa,9343,Los Angeles,2024-04-20T16:50:00,0,2024-04-21T11:25:00,London,635,$494
2024-04-21,Norse Atlantic Airways (UK),712,Los Angeles,2024-04-21T16:30:00,0,2024-04-22T10:55:00,London,625,$222
2024-04-21,British Airways,280,Los Angeles,2024-04-21T17:10:00,0,2024-04-22T11:30:00,London,620,$424
2024-04-21,British Airways,1509,Los Angeles,2024-04-21T14:25:00,0,2024-04-22T09:00:00,London,635,$424
2024-04-21,Virgin Atlantic,8,Los Angeles,2024-04-21T15:55:00,0,2024-04-22T10:15:00,London,620,$444
2024-04-21,British Airways,268,Los Angeles,2024-04-21T19:30:00,0,2024-04-22T14:00:00,London,630,$424
2024-04-21,British Airways,1604,Los Angeles,2024-04-21T18:15:00,0,2024-04-22T12:50:00,London,635,$424
2024-04-21,American Airlines,6991,Los Angeles,2024-04-21T17:10:00,0,2024-04-22T11:30:00,London,620,$424
2024-04-21,British Airways,1613,Los Angeles,2024-04-21T21:30:00,0,2024-04-22T16:05:00,London,635,$424
2024-04-21,American Airlines,136,Los Angeles,2024-04-21T14:25:00,0,2024-04-22T09:00:00,London,635,$424
2024-04-21,Alaska Airlines,8036,Los Angeles,2024-04-21T14:25:00,0,2024-04-22T09:00:00,London,635,$423
2024-04-22,British Airways,280,Los Angeles,2024-04-22T17:10:00,0,2024-04-23T11:30:00,London,620,$424
2024-04-22,British Airways,282,Los Angeles,2024-04-22T15:40:00,0,2024-04-23T10:10:00,London,630,$424
2024-04-22,British Airways,268,Los Angeles,2024-04-22T19:30:00,0,2024-04-23T14:00:00,London,630,$424
2024-04-22,British Airways,1509,Los Angeles,2024-04-22T14:25:00,0,2024-04-23T09:00:00,London,635,$424
2024-04-22,British Airways,1604,Los Angeles,2024-04-22T18:15:00,0,2024-04-23T12:50:00,London,635,$424
2024-04-22,American Airlines,6991,Los Angeles,2024-04-22T17:10:00,0,2024-04-23T11:30:00,London,620,$424
2024-04-22,British Airways,1613,Los Angeles,2024-04-22T21:30:00,0,2024-04-23T16:05:00,London,635,$424
2024-04-22,American Airlines,6935,Los Angeles,2024-04-22T15:40:00,0,2024-04-23T10:10:00,London,630,$424
2024-04-22,Iberia,7438,Los Angeles,2024-04-22T17:10:00,0,2024-04-23T11:30:00,London,620,$413
2024-04-22,American Airlines,136,Los Angeles,2024-04-22T14:25:00,0,2024-04-23T09:00:00,London,635,$424
2024-04-23,Norse Atlantic Airways (UK),712,Los Angeles,2024-04-23T16:30:00,0,2024-04-24T10:55:00,London,625,$248
2024-04-23,British Airways,280,Los Angeles,2024-04-23T17:10:00,0,2024-04-24T11:30:00,London,620,$424
2024-04-23,British Airways,268,Los Angeles,2024-04-23T19:30:00,0,2024-04-24T14:00:00,London,630,$424
2024-04-23,British Airways,282,Los Angeles,2024-04-23T15:40:00,0,2024-04-24T10:10:00,London,630,$424
2024-04-23,British Airways,1604,Los Angeles,2024-04-23T18:15:00,0,2024-04-24T12:50:00,London,635,$424
2024-04-23,British Airways,1509,Los Angeles,2024-04-23T14:25:00,0,2024-04-24T09:00:00,London,635,$424
2024-04-23,American Airlines,6991,Los Angeles,2024-04-23T17:10:00,0,2024-04-24T11:30:00,London,620,$424
2024-04-23,American Airlines,6983,Los Angeles,2024-04-23T19:30:00,0,2024-04-24T14:00:00,London,630,$424
2024-04-23,Iberia,7438,Los Angeles,2024-04-23T17:10:00,0,2024-04-24T11:30:00,London,620,$413
2024-04-23,American Airlines,6935,Los Angeles,2024-04-23T15:40:00,0,2024-04-24T10:10:00,London,630,$424
2024-04-24,British Airways,268,Los Angeles,2024-04-24T19:30:00,0,2024-04-25T14:00:00,London,630,$421
2024-04-24,British Airways,1604,Los Angeles,2024-04-24T18:15:00,0,2024-04-25T12:50:00,London,635,$421
2024-04-24,British Airways,1613,Los Angeles,2024-04-24T21:30:00,0,2024-04-25T16:05:00,London,635,$421
2024-04-24,British Airways,1509,Los Angeles,2024-04-24T14:25:00,0,2024-04-25T09:00:00,London,635,$421
2024-04-24,American Airlines,6983,Los Angeles,2024-04-24T19:30:00,0,2024-04-25T14:00:00,London,630,$424
2024-04-24,Virgin Atlantic,142,Los Angeles,2024-04-24T19:10:00,0,2024-04-25T13:30:00,London,620,$444
2024-04-24,American Airlines,134,Los Angeles,2024-04-24T18:15:00,0,2024-04-25T12:50:00,London,635,$424
2024-04-24,American Airlines,138,Los Angeles,2024-04-24T21:30:00,0,2024-04-25T16:05:00,London,635,$424
2024-04-24,American Airlines,136,Los Angeles,2024-04-24T14:25:00,0,2024-04-25T09:00:00,London,635,$424
2024-04-24,Virgin Atlantic,8,Los Angeles,2024-04-24T15:55:00,0,2024-04-25T10:15:00,London,620,$444
2024-04-25,Norse Atlantic Airways (UK),712,Los Angeles,2024-04-25T16:30:00,0,2024-04-26T10:55:00,London,625,$213
2024-04-25,Virgin Atlantic,142,Los Angeles,2024-04-25T19:10:00,0,2024-04-26T13:30:00,London,620,$494
2024-04-25,Virgin Atlantic,8,Los Angeles,2024-04-25T15:55:00,0,2024-04-26T10:15:00,London,620,$494
2024-04-25,Delta,5925,Los Angeles,2024-04-25T19:10:00,0,2024-04-26T13:30:00,London,620,$494
2024-04-25,Delta,5978,Los Angeles,2024-04-25T15:55:00,0,2024-04-26T10:15:00,London,620,$494
2024-04-25,Virgin Atlantic,4097,Los Angeles,2024-04-25T20:00:00,0,2024-04-26T14:50:00,London,650,$494
2024-04-25,United,923,Los Angeles,2024-04-25T16:50:00,0,2024-04-26T11:25:00,London,635,$494
2024-04-25,British Airways,268,Los Angeles,2024-04-25T19:30:00,0,2024-04-26T14:00:00,London,630,$524
2024-04-25,United,231,Los Angeles,2024-04-25T12:50:00,0,2024-04-26T07:25:00,London,635,$494
2024-04-25,Lufthansa,9343,Los Angeles,2024-04-25T16:50:00,0,2024-04-26T11:25:00,London,635,$494
2024-04-26,Virgin Atlantic,142,Los Angeles,2024-04-26T19:10:00,0,2024-04-27T13:30:00,London,620,$494
2024-04-26,Virgin Atlantic,8,Los Angeles,2024-04-26T15:55:00,0,2024-04-27T10:15:00,London,620,$494
2024-04-26,Delta,5925,Los Angeles,2024-04-26T19:10:00,0,2024-04-27T13:30:00,London,620,$494
2024-04-26,Delta,5978,Los Angeles,2024-04-26T15:55:00,0,2024-04-27T10:15:00,London,620,$494
2024-04-26,Virgin Atlantic,4097,Los Angeles,2024-04-26T20:00:00,0,2024-04-27T14:50:00,London,650,$494
2024-04-26,United,923,Los Angeles,2024-04-26T16:50:00,0,2024-04-27T11:25:00,London,635,$494
2024-04-26,Delta,186,Los Angeles,2024-04-26T20:00:00,0,2024-04-27T14:50:00,London,650,$494
2024-04-26,British Airways,268,Los Angeles,2024-04-26T19:30:00,0,2024-04-27T14:00:00,London,630,$524
2024-04-26,United,231,Los Angeles,2024-04-26T12:50:00,0,2024-04-27T07:25:00,London,635,$494
2024-04-26,Air France,9092,Los Angeles,2024-04-26T20:00:00,0,2024-04-27T14:50:00,London,650,$494
2024-04-27,Virgin Atlantic,142,Los Angeles,2024-04-27T19:10:00,0,2024-04-28T13:30:00,London,620,$494
2024-04-27,Virgin Atlantic,24,Los Angeles,2024-04-27T22:55:00,0,2024-04-28T17:15:00,London,620,$494
2024-04-27,Delta,5925,Los Angeles,2024-04-27T19:10:00,0,2024-04-28T13:30:00,London,620,$494
2024-04-27,Delta,5976,Los Angeles,2024-04-27T22:55:00,0,2024-04-28T17:15:00,London,620,$494
2024-04-27,United,231,Los Angeles,2024-04-27T12:50:00,0,2024-04-28T07:25:00,London,635,$494
2024-04-27,Virgin Atlantic,4097,Los Angeles,2024-04-27T20:00:00,0,2024-04-28T14:50:00,London,650,$494
2024-04-27,United,923,Los Angeles,2024-04-27T16:50:00,0,2024-04-28T11:25:00,London,635,$494
2024-04-27,British Airways,280,Los Angeles,2024-04-27T17:10:00,0,2024-04-28T11:30:00,London,620,$524
2024-04-27,British Airways,268,Los Angeles,2024-04-27T19:30:00,0,2024-04-28T14:00:00,London,630,$524
2024-04-27,Delta,186,Los Angeles,2024-04-27T20:00:00,0,2024-04-28T14:50:00,London,650,$494
2024-04-28,Norse Atlantic Airways (UK),712,Los Angeles,2024-04-28T16:30:00,0,2024-04-29T10:55:00,London,625,$233
2024-04-28,British Airways,282,Los Angeles,2024-04-28T15:40:00,0,2024-04-29T10:10:00,London,630,$422
2024-04-28,British Airways,1509,Los Angeles,2024-04-28T14:25:00,0,2024-04-29T09:00:00,London,635,$422
2024-04-28,British Airways,1604,Los Angeles,2024-04-28T18:15:00,0,2024-04-29T12:50:00,London,635,$422
2024-04-28,American Airlines,6935,Los Angeles,2024-04-28T15:40:00,0,2024-04-29T10:10:00,London,630,$424
2024-04-28,British Airways,1613,Los Angeles,2024-04-28T21:30:00,0,2024-04-29T16:05:00,London,635,$422
2024-04-28,Virgin Atlantic,142,Los Angeles,2024-04-28T19:10:00,0,2024-04-29T13:30:00,London,620,$444
2024-04-28,American Airlines,136,Los Angeles,2024-04-28T14:25:00,0,2024-04-29T09:00:00,London,635,$424
2024-04-28,Aer Lingus,8982,Los Angeles,2024-04-28T15:40:00,0,2024-04-29T10:10:00,London,630,$434
2024-04-28,Alaska Airlines,8036,Los Angeles,2024-04-28T14:25:00,0,2024-04-29T09:00:00,London,635,$423
2024-04-29,British Airways,280,Los Angeles,2024-04-29T17:10:00,0,2024-04-30T11:30:00,London,620,$424
2024-04-29,British Airways,282,Los Angeles,2024-04-29T15:40:00,0,2024-04-30T10:10:00,London,630,$424
2024-04-29,British Airways,268,Los Angeles,2024-04-29T19:30:00,0,2024-04-30T14:00:00,London,630,$424
2024-04-29,British Airways,1604,Los Angeles,2024-04-29T18:15:00,0,2024-04-30T12:50:00,London,635,$424
2024-04-29,British Airways,1509,Los Angeles,2024-04-29T14:25:00,0,2024-04-30T09:00:00,London,635,$424
2024-04-29,Iberia,7438,Los Angeles,2024-04-29T17:10:00,0,2024-04-30T11:30:00,London,620,$408
2024-04-29,British Airways,1613,Los Angeles,2024-04-29T21:30:00,0,2024-04-30T16:05:00,London,635,$424
2024-04-29,Iberia,7440,Los Angeles,2024-04-29T15:40:00,0,2024-04-30T10:10:00,London,630,$408
2024-04-29,Iberia,4237,Los Angeles,2024-04-29T14:25:00,0,2024-04-30T09:00:00,London,635,$408
2024-04-29,Virgin Atlantic,142,Los Angeles,2024-04-29T19:10:00,0,2024-04-30T13:30:00,London,620,$444
2024-04-30,Norse Atlantic Airways (UK),712,Los Angeles,2024-04-30T16:30:00,0,2024-05-01T10:55:00,London,625,$223
2024-04-30,British Airways,280,Los Angeles,2024-04-30T17:10:00,0,2024-05-01T11:30:00,London,620,$424
2024-04-30,British Airways,282,Los Angeles,2024-04-30T15:40:00,0,2024-05-01T10:10:00,London,630,$424
2024-04-30,British Airways,268,Los Angeles,2024-04-30T19:30:00,0,2024-05-01T14:00:00,London,630,$424
2024-04-30,British Airways,1604,Los Angeles,2024-04-30T18:15:00,0,2024-05-01T12:50:00,London,635,$424
2024-04-30,British Airways,1509,Los Angeles,2024-04-30T14:25:00,0,2024-05-01T09:00:00,London,635,$424
2024-04-30,British Airways,1613,Los Angeles,2024-04-30T21:30:00,0,2024-05-01T16:05:00,London,635,$424
2024-04-30,Virgin Atlantic,142,Los Angeles,2024-04-30T19:10:00,0,2024-05-01T13:30:00,London,620,$444
2024-04-30,Iberia,7438,Los Angeles,2024-04-30T17:10:00,0,2024-05-01T11:30:00,London,620,$408
2024-04-30,Virgin Atlantic,24,Los Angeles,2024-04-30T22:55:00,0,2024-05-01T17:15:00,London,620,$444
2024-05-01,British Airways,280,Los Angeles,2024-05-01T17:10:00,0,2024-05-02T11:30:00,London,620,$419
2024-05-01,British Airways,268,Los Angeles,2024-05-01T19:30:00,0,2024-05-02T14:00:00,London,630,$419
2024-05-01,British Airways,1604,Los Angeles,2024-05-01T18:15:00,0,2024-05-02T12:50:00,London,635,$419
2024-05-01,British Airways,1613,Los Angeles,2024-05-01T21:30:00,0,2024-05-02T16:05:00,London,635,$419
2024-05-01,British Airways,1509,Los Angeles,2024-05-01T14:25:00,0,2024-05-02T09:00:00,London,635,$419
2024-05-01,Iberia,7438,Los Angeles,2024-05-01T17:10:00,0,2024-05-02T11:30:00,London,620,$408
2024-05-01,Virgin Atlantic,142,Los Angeles,2024-05-01T19:10:00,0,2024-05-02T13:30:00,London,620,$444
2024-05-01,Iberia,7428,Los Angeles,2024-05-01T19:30:00,0,2024-05-02T14:00:00,London,630,$408
2024-05-01,Virgin Atlantic,8,Los Angeles,2024-05-01T15:55:00,0,2024-05-02T10:15:00,London,620,$444
2024-05-01,Virgin Atlantic,24,Los Angeles,2024-05-01T22:55:00,0,2024-05-02T17:15:00,London,620,$444
2024-05-02,Norse Atlantic Airways (UK),712,Los Angeles,2024-05-02T16:30:00,0,2024-05-03T10:55:00,London,625,$224
2024-05-02,Virgin Atlantic,142,Los Angeles,2024-05-02T19:10:00,0,2024-05-03T13:30:00,London,620,$494
2024-05-02,Virgin Atlantic,24,Los Angeles,2024-05-02T22:55:00,0,2024-05-03T17:15:00,London,620,$494
2024-05-02,Virgin Atlantic,8,Los Angeles,2024-05-02T15:55:00,0,2024-05-03T10:15:00,London,620,$494
2024-05-02,Delta,5976,Los Angeles,2024-05-02T22:55:00,0,2024-05-03T17:15:00,London,620,$494
2024-05-02,Delta,5978,Los Angeles,2024-05-02T15:55:00,0,2024-05-03T10:15:00,London,620,$494
2024-05-02,Delta,5925,Los Angeles,2024-05-02T19:10:00,0,2024-05-03T13:30:00,London,620,$494
2024-05-02,Virgin Atlantic,4097,Los Angeles,2024-05-02T20:00:00,0,2024-05-03T14:50:00,London,650,$494
2024-05-02,United,923,Los Angeles,2024-05-02T16:50:00,0,2024-05-03T11:25:00,London,635,$494
2024-05-02,United,231,Los Angeles,2024-05-02T12:50:00,0,2024-05-03T07:25:00,London,635,$494
2024-05-03,Norse Atlantic Airways (UK),712,Los Angeles,2024-05-03T16:30:00,0,2024-05-04T10:55:00,London,625,$371
2024-05-03,Virgin Atlantic,142,Los Angeles,2024-05-03T19:10:00,0,2024-05-04T13:30:00,London,620,$494
2024-05-03,Virgin Atlantic,24,Los Angeles,2024-05-03T22:55:00,0,2024-05-04T17:15:00,London,620,$494
2024-05-03,Virgin Atlantic,8,Los Angeles,2024-05-03T15:55:00,0,2024-05-04T10:15:00,London,620,$494
2024-05-03,Delta,5925,Los Angeles,2024-05-03T19:10:00,0,2024-05-04T13:30:00,London,620,$494
2024-05-03,Delta,5976,Los Angeles,2024-05-03T22:55:00,0,2024-05-04T17:15:00,London,620,$494
2024-05-03,Delta,5978,Los Angeles,2024-05-03T15:55:00,0,2024-05-04T10:15:00,London,620,$494
2024-05-03,United,923,Los Angeles,2024-05-03T16:50:00,0,2024-05-04T11:25:00,London,635,$494
2024-05-03,Virgin Atlantic,4097,Los Angeles,2024-05-03T20:00:00,0,2024-05-04T14:50:00,London,650,$494
2024-05-03,British Airways,268,Los Angeles,2024-05-03T19:30:00,0,2024-05-04T14:00:00,London,630,$520
2024-05-04,Virgin Atlantic,142,Los Angeles,2024-05-04T19:10:00,0,2024-05-05T13:30:00,London,620,$494
2024-05-04,Virgin Atlantic,8,Los Angeles,2024-05-04T15:55:00,0,2024-05-05T10:15:00,London,620,$494
2024-05-04,Virgin Atlantic,24,Los Angeles,2024-05-04T22:55:00,0,2024-05-05T17:15:00,London,620,$494
2024-05-04,Delta,5978,Los Angeles,2024-05-04T15:55:00,0,2024-05-05T10:15:00,London,620,$494
2024-05-04,Delta,5925,Los Angeles,2024-05-04T19:10:00,0,2024-05-05T13:30:00,London,620,$494
2024-05-04,Delta,5976,Los Angeles,2024-05-04T22:55:00,0,2024-05-05T17:15:00,London,620,$494
2024-05-04,United,231,Los Angeles,2024-05-04T12:50:00,0,2024-05-05T07:25:00,London,635,$494
2024-05-04,United,923,Los Angeles,2024-05-04T16:50:00,0,2024-05-05T11:25:00,London,635,$494
2024-05-04,Virgin Atlantic,4097,Los Angeles,2024-05-04T20:00:00,0,2024-05-05T14:50:00,London,650,$494
2024-05-04,Delta,186,Los Angeles,2024-05-04T20:00:00,0,2024-05-05T14:50:00,London,650,$494
2024-05-05,Norse Atlantic Airways (UK),712,Los Angeles,2024-05-05T16:30:00,0,2024-05-06T10:55:00,London,625,$248
2024-05-05,Virgin Atlantic,8,Los Angeles,2024-05-05T15:55:00,0,2024-05-06T10:15:00,London,620,$459
2024-05-05,Virgin Atlantic,142,Los Angeles,2024-05-05T19:10:00,0,2024-05-06T13:30:00,London,620,$459
2024-05-05,British Airways,1509,Los Angeles,2024-05-05T14:25:00,0,2024-05-06T09:00:00,London,635,$459
2024-05-05,Delta,5978,Los Angeles,2024-05-05T15:55:00,0,2024-05-06T10:15:00,London,620,$459
2024-05-05,Virgin Atlantic,24,Los Angeles,2024-05-05T22:55:00,0,2024-05-06T17:15:00,London,620,$459
2024-05-05,British Airways,1604,Los Angeles,2024-05-05T18:15:00,0,2024-05-06T12:50:00,London,635,$459
2024-05-05,British Airways,1613,Los Angeles,2024-05-05T21:30:00,0,2024-05-06T16:05:00,London,635,$459
2024-05-05,Delta,5925,Los Angeles,2024-05-05T19:10:00,0,2024-05-06T13:30:00,London,620,$459
2024-05-05,United,923,Los Angeles,2024-05-05T16:50:00,0,2024-05-06T11:25:00,London,635,$459
2024-05-06,British Airways,280,Los Angeles,2024-05-06T17:10:00,0,2024-05-07T11:30:00,London,620,$459
2024-05-06,Virgin Atlantic,8,Los Angeles,2024-05-06T15:55:00,0,2024-05-07T10:15:00,London,620,$459
2024-05-06,Virgin Atlantic,142,Los Angeles,2024-05-06T19:10:00,0,2024-05-07T13:30:00,London,620,$459
2024-05-06,British Airways,282,Los Angeles,2024-05-06T15:40:00,0,2024-05-07T10:10:00,London,630,$459
2024-05-06,British Airways,268,Los Angeles,2024-05-06T19:30:00,0,2024-05-07T14:00:00,London,630,$459
2024-05-06,British Airways,1509,Los Angeles,2024-05-06T14:25:00,0,2024-05-07T09:00:00,London,635,$459
2024-05-06,Virgin Atlantic,24,Los Angeles,2024-05-06T22:55:00,0,2024-05-07T17:15:00,London,620,$459
2024-05-06,Delta,5978,Los Angeles,2024-05-06T15:55:00,0,2024-05-07T10:15:00,London,620,$459
2024-05-06,American Airlines,6991,Los Angeles,2024-05-06T17:10:00,0,2024-05-07T11:30:00,London,620,$459
2024-05-06,Delta,5925,Los Angeles,2024-05-06T19:10:00,0,2024-05-07T13:30:00,London,620,$459
2024-05-07,Norse Atlantic Airways (UK),712,Los Angeles,2024-05-07T16:30:00,0,2024-05-08T10:55:00,London,625,$262
2024-05-07,Virgin Atlantic,8,Los Angeles,2024-05-07T15:55:00,0,2024-05-08T10:15:00,London,620,$459
2024-05-07,Virgin Atlantic,142,Los Angeles,2024-05-07T19:10:00,0,2024-05-08T13:30:00,London,620,$459
2024-05-07,British Airways,282,Los Angeles,2024-05-07T15:40:00,0,2024-05-08T10:10:00,London,630,$455
2024-05-07,British Airways,268,Los Angeles,2024-05-07T19:30:00,0,2024-05-08T14:00:00,London,630,$455
2024-05-07,Virgin Atlantic,24,Los Angeles,2024-05-07T22:55:00,0,2024-05-08T17:15:00,London,620,$459
2024-05-07,British Airways,1604,Los Angeles,2024-05-07T18:15:00,0,2024-05-08T12:50:00,London,635,$455
2024-05-07,British Airways,1509,Los Angeles,2024-05-07T14:25:00,0,2024-05-08T09:00:00,London,635,$455
2024-05-07,Delta,5978,Los Angeles,2024-05-07T15:55:00,0,2024-05-08T10:15:00,London,620,$459
2024-05-07,Delta,5925,Los Angeles,2024-05-07T19:10:00,0,2024-05-08T13:30:00,London,620,$459
2024-05-08,Virgin Atlantic,142,Los Angeles,2024-05-08T19:10:00,0,2024-05-09T13:30:00,London,620,$459
2024-05-08,Virgin Atlantic,8,Los Angeles,2024-05-08T15:55:00,0,2024-05-09T10:15:00,London,620,$459
2024-05-08,Virgin Atlantic,24,Los Angeles,2024-05-08T22:55:00,0,2024-05-09T17:15:00,London,620,$459
2024-05-08,British Airways,1604,Los Angeles,2024-05-08T18:15:00,0,2024-05-09T12:50:00,London,635,$457
2024-05-08,Delta,5925,Los Angeles,2024-05-08T19:10:00,0,2024-05-09T13:30:00,London,620,$459
2024-05-08,Delta,5978,Los Angeles,2024-05-08T15:55:00,0,2024-05-09T10:15:00,London,620,$459
2024-05-08,Delta,5976,Los Angeles,2024-05-08T22:55:00,0,2024-05-09T17:15:00,London,620,$459
2024-05-08,British Airways,1509,Los Angeles,2024-05-08T14:25:00,0,2024-05-09T09:00:00,London,635,$457
2024-05-08,American Airlines,134,Los Angeles,2024-05-08T18:15:00,0,2024-05-09T12:50:00,London,635,$459
2024-05-08,United,923,Los Angeles,2024-05-08T16:50:00,0,2024-05-09T11:25:00,London,635,$459
2024-05-09,Norse Atlantic Airways (UK),712,Los Angeles,2024-05-09T16:30:00,0,2024-05-10T10:55:00,London,625,$332
2024-05-09,Virgin Atlantic,24,Los Angeles,2024-05-09T22:55:00,0,2024-05-10T17:15:00,London,620,$509
2024-05-09,Virgin Atlantic,8,Los Angeles,2024-05-09T15:55:00,0,2024-05-10T10:15:00,London,620,$509
2024-05-09,Delta,5978,Los Angeles,2024-05-09T15:55:00,0,2024-05-10T10:15:00,London,620,$509
2024-05-09,Delta,5976,Los Angeles,2024-05-09T22:55:00,0,2024-05-10T17:15:00,London,620,$509
2024-05-09,United,923,Los Angeles,2024-05-09T16:50:00,0,2024-05-10T11:25:00,London,635,$559
2024-05-09,United,231,Los Angeles,2024-05-09T12:50:00,0,2024-05-10T07:25:00,London,635,$559
2024-05-09,Lufthansa,9343,Los Angeles,2024-05-09T16:50:00,0,2024-05-10T11:25:00,London,635,$559
2024-05-09,Lufthansa,9336,Los Angeles,2024-05-09T12:50:00,0,2024-05-10T07:25:00,London,635,$559
2024-05-09,British Airways,1604,Los Angeles,2024-05-09T18:15:00,0,2024-05-10T12:50:00,London,635,$633
2024-05-10,Norse Atlantic Airways (UK),712,Los Angeles,2024-05-10T16:30:00,0,2024-05-11T10:55:00,London,625,$332
2024-05-10,Virgin Atlantic,142,Los Angeles,2024-05-10T19:10:00,0,2024-05-11T13:30:00,London,620,$748
2024-05-10,Virgin Atlantic,24,Los Angeles,2024-05-10T22:55:00,0,2024-05-11T17:15:00,London,620,$748
2024-05-10,Virgin Atlantic,8,Los Angeles,2024-05-10T15:55:00,0,2024-05-11T10:15:00,London,620,$748
2024-05-10,Delta,5925,Los Angeles,2024-05-10T19:10:00,0,2024-05-11T13:30:00,London,620,$748
2024-05-10,Delta,5976,Los Angeles,2024-05-10T22:55:00,0,2024-05-11T17:15:00,London,620,$748
2024-05-10,Delta,5978,Los Angeles,2024-05-10T15:55:00,0,2024-05-11T10:15:00,London,620,$748
2024-05-10,Iberia,7438,Los Angeles,2024-05-10T17:10:00,0,2024-05-11T11:30:00,London,620,$758
2024-05-10,British Airways,1509,Los Angeles,2024-05-10T14:25:00,0,2024-05-11T09:00:00,London,635,$796
2024-05-10,United,923,Los Angeles,2024-05-10T16:50:00,0,2024-05-11T11:25:00,London,635,$798
2024-05-11,Virgin Atlantic,8,Los Angeles,2024-05-11T15:55:00,0,2024-05-12T10:15:00,London,620,$748
2024-05-11,Virgin Atlantic,142,Los Angeles,2024-05-11T19:10:00,0,2024-05-12T13:30:00,London,620,$748
2024-05-11,Virgin Atlantic,24,Los Angeles,2024-05-11T22:55:00,0,2024-05-12T17:15:00,London,620,$748
2024-05-11,Delta,5978,Los Angeles,2024-05-11T15:55:00,0,2024-05-12T10:15:00,London,620,$748
2024-05-11,Delta,5925,Los Angeles,2024-05-11T19:10:00,0,2024-05-12T13:30:00,London,620,$748
2024-05-11,Delta,5976,Los Angeles,2024-05-11T22:55:00,0,2024-05-12T17:15:00,London,620,$748
2024-05-11,British Airways,1509,Los Angeles,2024-05-11T14:25:00,0,2024-05-12T09:00:00,London,635,$796
2024-05-11,British Airways,1604,Los Angeles,2024-05-11T18:15:00,0,2024-05-12T12:50:00,London,635,$796
2024-05-11,Iberia,7438,Los Angeles,2024-05-11T17:10:00,0,2024-05-12T11:30:00,London,620,$758
2024-05-11,United,231,Los Angeles,2024-05-11T12:50:00,0,2024-05-12T07:25:00,London,635,$798
2024-05-12,Norse Atlantic Airways (UK),712,Los Angeles,2024-05-12T16:30:00,0,2024-05-13T10:55:00,London,625,$295
2024-05-12,Virgin Atlantic,8,Los Angeles,2024-05-12T15:55:00,0,2024-05-13T10:15:00,London,620,$698
2024-05-12,British Airways,1509,Los Angeles,2024-05-12T14:25:00,0,2024-05-13T09:00:00,London,635,$698
2024-05-12,Delta,5978,Los Angeles,2024-05-12T15:55:00,0,2024-05-13T10:15:00,London,620,$698
2024-05-12,Virgin Atlantic,142,Los Angeles,2024-05-12T19:10:00,0,2024-05-13T13:30:00,London,620,$698
2024-05-12,Virgin Atlantic,24,Los Angeles,2024-05-12T22:55:00,0,2024-05-13T17:15:00,London,620,$698
2024-05-12,British Airways,1604,Los Angeles,2024-05-12T18:15:00,0,2024-05-13T12:50:00,London,635,$698
2024-05-12,United,231,Los Angeles,2024-05-12T12:50:00,0,2024-05-13T07:25:00,London,635,$698
2024-05-12,United,923,Los Angeles,2024-05-12T16:50:00,0,2024-05-13T11:25:00,London,635,$698
2024-05-12,Alaska Airlines,8036,Los Angeles,2024-05-12T14:25:00,0,2024-05-13T09:00:00,London,635,$697
2024-05-13,Virgin Atlantic,8,Los Angeles,2024-05-13T15:55:00,0,2024-05-14T10:15:00,London,620,$698
2024-05-13,British Airways,282,Los Angeles,2024-05-13T15:40:00,0,2024-05-14T10:10:00,London,630,$693
2024-05-13,Virgin Atlantic,142,Los Angeles,2024-05-13T19:10:00,0,2024-05-14T13:30:00,London,620,$698
2024-05-13,British Airways,1509,Los Angeles,2024-05-13T14:25:00,0,2024-05-14T09:00:00,London,635,$693
2024-05-13,British Airways,268,Los Angeles,2024-05-13T19:30:00,0,2024-05-14T14:00:00,London,630,$693
2024-05-13,Virgin Atlantic,24,Los Angeles,2024-05-13T22:55:00,0,2024-05-14T17:15:00,London,620,$698
2024-05-13,British Airways,1604,Los Angeles,2024-05-13T18:15:00,0,2024-05-14T12:50:00,London,635,$693
2024-05-13,Delta,5978,Los Angeles,2024-05-13T15:55:00,0,2024-05-14T10:15:00,London,620,$698
2024-05-13,Delta,5925,Los Angeles,2024-05-13T19:10:00,0,2024-05-14T13:30:00,London,620,$698
2024-05-13,American Airlines,6935,Los Angeles,2024-05-13T15:40:00,0,2024-05-14T10:10:00,London,630,$698
2024-05-14,Norse Atlantic Airways (UK),712,Los Angeles,2024-05-14T16:30:00,0,2024-05-15T10:55:00,London,625,$609
2024-05-14,Virgin Atlantic,142,Los Angeles,2024-05-14T19:10:00,0,2024-05-15T13:30:00,London,620,$698
2024-05-14,British Airways,268,Los Angeles,2024-05-14T19:30:00,0,2024-05-15T14:00:00,London,630,$696
2024-05-14,Virgin Atlantic,8,Los Angeles,2024-05-14T15:55:00,0,2024-05-15T10:15:00,London,620,$698
2024-05-14,Virgin Atlantic,24,Los Angeles,2024-05-14T22:55:00,0,2024-05-15T17:15:00,London,620,$698
2024-05-14,British Airways,1604,Los Angeles,2024-05-14T18:15:00,0,2024-05-15T12:50:00,London,635,$696
2024-05-14,British Airways,282,Los Angeles,2024-05-14T15:40:00,0,2024-05-15T10:10:00,London,630,$696
2024-05-14,Delta,5925,Los Angeles,2024-05-14T19:10:00,0,2024-05-15T13:30:00,London,620,$698
2024-05-14,Delta,5978,Los Angeles,2024-05-14T15:55:00,0,2024-05-15T10:15:00,London,620,$698
2024-05-14,British Airways,1509,Los Angeles,2024-05-14T14:25:00,0,2024-05-15T09:00:00,London,635,$696
2024-05-15,Virgin Atlantic,142,Los Angeles,2024-05-15T19:10:00,0,2024-05-16T13:30:00,London,620,$698
2024-05-15,British Airways,268,Los Angeles,2024-05-15T19:30:00,0,2024-05-16T14:00:00,London,630,$696
2024-05-15,Virgin Atlantic,8,Los Angeles,2024-05-15T15:55:00,0,2024-05-16T10:15:00,London,620,$698
2024-05-15,Virgin Atlantic,24,Los Angeles,2024-05-15T22:55:00,0,2024-05-16T17:15:00,London,620,$698
2024-05-15,Delta,5925,Los Angeles,2024-05-15T19:10:00,0,2024-05-16T13:30:00,London,620,$698
2024-05-15,British Airways,1604,Los Angeles,2024-05-15T18:15:00,0,2024-05-16T12:50:00,London,635,$696
2024-05-15,Delta,5978,Los Angeles,2024-05-15T15:55:00,0,2024-05-16T10:15:00,London,620,$698
2024-05-15,Delta,5976,Los Angeles,2024-05-15T22:55:00,0,2024-05-16T17:15:00,London,620,$698
2024-05-15,British Airways,1613,Los Angeles,2024-05-15T21:25:00,0,2024-05-16T16:05:00,London,640,$696
2024-05-15,British Airways,1509,Los Angeles,2024-05-15T14:25:00,0,2024-05-16T09:00:00,London,635,$696
2024-05-16,Norse Atlantic Airways (UK),712,Los Angeles,2024-05-16T16:30:00,0,2024-05-17T10:55:00,London,625,$461
2024-05-16,Virgin Atlantic,142,Los Angeles,2024-05-16T19:10:00,0,2024-05-17T13:30:00,London,620,$748
2024-05-16,Virgin Atlantic,8,Los Angeles,2024-05-16T15:55:00,0,2024-05-17T10:15:00,London,620,$748
2024-05-16,Virgin Atlantic,24,Los Angeles,2024-05-16T22:55:00,0,2024-05-17T17:15:00,London,620,$748
2024-05-16,Delta,5925,Los Angeles,2024-05-16T19:10:00,0,2024-05-17T13:30:00,London,620,$748
2024-05-16,Delta,5978,Los Angeles,2024-05-16T15:55:00,0,2024-05-17T10:15:00,London,620,$748
2024-05-16,Delta,5976,Los Angeles,2024-05-16T22:55:00,0,2024-05-17T17:15:00,London,620,$748
2024-05-16,British Airways,280,Los Angeles,2024-05-16T17:10:00,0,2024-05-17T11:30:00,London,620,$796
2024-05-16,British Airways,268,Los Angeles,2024-05-16T19:30:00,0,2024-05-17T14:00:00,London,630,$796
2024-05-16,British Airways,1604,Los Angeles,2024-05-16T18:15:00,0,2024-05-17T12:50:00,London,635,$796
2024-05-17,Norse Atlantic Airways (UK),712,Los Angeles,2024-05-17T16:30:00,0,2024-05-18T10:55:00,London,625,$461
2024-05-17,Virgin Atlantic,142,Los Angeles,2024-05-17T19:10:00,0,2024-05-18T13:30:00,London,620,$748
2024-05-17,Virgin Atlantic,24,Los Angeles,2024-05-17T22:55:00,0,2024-05-18T17:15:00,London,620,$748
2024-05-17,Virgin Atlantic,8,Los Angeles,2024-05-17T15:55:00,0,2024-05-18T10:15:00,London,620,$748
2024-05-17,Delta,5925,Los Angeles,2024-05-17T19:10:00,0,2024-05-18T13:30:00,London,620,$748
2024-05-17,Delta,5976,Los Angeles,2024-05-17T22:55:00,0,2024-05-18T17:15:00,London,620,$748
2024-05-17,Delta,5978,Los Angeles,2024-05-17T15:55:00,0,2024-05-18T10:15:00,London,620,$748
2024-05-17,British Airways,1604,Los Angeles,2024-05-17T18:15:00,0,2024-05-18T12:50:00,London,635,$792
2024-05-17,Iberia,7438,Los Angeles,2024-05-17T17:10:00,0,2024-05-18T11:30:00,London,620,$752
2024-05-17,British Airways,1509,Los Angeles,2024-05-17T14:25:00,0,2024-05-18T09:00:00,London,635,$792
2024-05-18,Virgin Atlantic,8,Los Angeles,2024-05-18T15:55:00,0,2024-05-19T10:15:00,London,620,$748
2024-05-18,Virgin Atlantic,142,Los Angeles,2024-05-18T19:10:00,0,2024-05-19T13:30:00,London,620,$748
2024-05-18,Virgin Atlantic,24,Los Angeles,2024-05-18T22:55:00,0,2024-05-19T17:15:00,London,620,$748
2024-05-18,Delta,5978,Los Angeles,2024-05-18T15:55:00,0,2024-05-19T10:15:00,London,620,$748
2024-05-18,Delta,5925,Los Angeles,2024-05-18T19:10:00,0,2024-05-19T13:30:00,London,620,$748
2024-05-18,Delta,5976,Los Angeles,2024-05-18T22:55:00,0,2024-05-19T17:15:00,London,620,$748
2024-05-18,British Airways,280,Los Angeles,2024-05-18T17:10:00,0,2024-05-19T11:30:00,London,620,$796
2024-05-18,British Airways,268,Los Angeles,2024-05-18T19:30:00,0,2024-05-19T14:00:00,London,630,$796
2024-05-18,British Airways,282,Los Angeles,2024-05-18T15:40:00,0,2024-05-19T10:10:00,London,630,$796
2024-05-18,British Airways,1604,Los Angeles,2024-05-18T18:15:00,0,2024-05-19T12:50:00,London,635,$796
2024-05-19,Norse Atlantic Airways (UK),712,Los Angeles,2024-05-19T16:30:00,0,2024-05-20T10:55:00,London,625,$370
2024-05-19,Virgin Atlantic,8,Los Angeles,2024-05-19T15:55:00,0,2024-05-20T10:15:00,London,620,$698
2024-05-19,British Airways,282,Los Angeles,2024-05-19T15:40:00,0,2024-05-20T10:10:00,London,630,$698
2024-05-19,British Airways,1509,Los Angeles,2024-05-19T14:25:00,0,2024-05-20T09:00:00,London,635,$692
2024-05-19,Virgin Atlantic,142,Los Angeles,2024-05-19T19:10:00,0,2024-05-20T13:30:00,London,620,$698
2024-05-19,British Airways,1604,Los Angeles,2024-05-19T18:15:00,0,2024-05-20T12:50:00,London,635,$692
2024-05-19,Delta,5978,Los Angeles,2024-05-19T15:55:00,0,2024-05-20T10:15:00,London,620,$698
2024-05-19,British Airways,268,Los Angeles,2024-05-19T19:30:00,0,2024-05-20T14:00:00,London,630,$696
2024-05-19,Virgin Atlantic,24,Los Angeles,2024-05-19T22:55:00,0,2024-05-20T17:15:00,London,620,$698
2024-05-19,American Airlines,6935,Los Angeles,2024-05-19T15:40:00,0,2024-05-20T10:10:00,London,630,$698
2024-05-20,British Airways,280,Los Angeles,2024-05-20T17:10:00,0,2024-05-21T11:30:00,London,620,$698
2024-05-20,Virgin Atlantic,8,Los Angeles,2024-05-20T15:55:00,0,2024-05-21T10:15:00,London,620,$698
2024-05-20,Virgin Atlantic,142,Los Angeles,2024-05-20T19:10:00,0,2024-05-21T13:30:00,London,620,$698
2024-05-20,British Airways,268,Los Angeles,2024-05-20T19:30:00,0,2024-05-21T14:00:00,London,630,$693
2024-05-20,British Airways,1604,Los Angeles,2024-05-20T18:15:00,0,2024-05-21T12:50:00,London,635,$693
2024-05-20,British Airways,1509,Los Angeles,2024-05-20T14:25:00,0,2024-05-21T09:00:00,London,635,$693
2024-05-20,Virgin Atlantic,24,Los Angeles,2024-05-20T22:55:00,0,2024-05-21T17:15:00,London,620,$698
2024-05-20,Delta,5978,Los Angeles,2024-05-20T15:55:00,0,2024-05-21T10:15:00,London,620,$698
2024-05-20,American Airlines,6991,Los Angeles,2024-05-20T17:10:00,0,2024-05-21T11:30:00,London,620,$698
2024-05-20,Delta,5925,Los Angeles,2024-05-20T19:10:00,0,2024-05-21T13:30:00,London,620,$698
2024-05-21,Norse Atlantic Airways (UK),712,Los Angeles,2024-05-21T16:30:00,0,2024-05-22T10:55:00,London,625,$354
2024-05-21,British Airways,280,Los Angeles,2024-05-21T17:10:00,0,2024-05-22T11:30:00,London,620,$696
2024-05-21,Virgin Atlantic,8,Los Angeles,2024-05-21T15:55:00,0,2024-05-22T10:15:00,London,620,$698
2024-05-21,Virgin Atlantic,142,Los Angeles,2024-05-21T19:10:00,0,2024-05-22T13:30:00,London,620,$698
2024-05-21,Virgin Atlantic,24,Los Angeles,2024-05-21T22:55:00,0,2024-05-22T17:15:00,London,620,$698
2024-05-21,British Airways,282,Los Angeles,2024-05-21T15:40:00,0,2024-05-22T10:10:00,London,630,$696
2024-05-21,British Airways,268,Los Angeles,2024-05-21T19:30:00,0,2024-05-22T14:00:00,London,630,$696
2024-05-21,British Airways,1604,Los Angeles,2024-05-21T18:15:00,0,2024-05-22T12:50:00,London,635,$696
2024-05-21,British Airways,1509,Los Angeles,2024-05-21T14:25:00,0,2024-05-22T09:00:00,London,635,$696
2024-05-21,Delta,5978,Los Angeles,2024-05-21T15:55:00,0,2024-05-22T10:15:00,London,620,$698
2024-05-22,Virgin Atlantic,142,Los Angeles,2024-05-22T19:10:00,0,2024-05-23T13:30:00,London,620,$698
2024-05-22,British Airways,268,Los Angeles,2024-05-22T19:30:00,0,2024-05-23T14:00:00,London,630,$696
2024-05-22,Virgin Atlantic,8,Los Angeles,2024-05-22T15:55:00,0,2024-05-23T10:15:00,London,620,$698
2024-05-22,Delta,5925,Los Angeles,2024-05-22T19:10:00,0,2024-05-23T13:30:00,London,620,$698
2024-05-22,British Airways,1604,Los Angeles,2024-05-22T18:15:00,0,2024-05-23T12:50:00,London,635,$696
2024-05-22,Virgin Atlantic,24,Los Angeles,2024-05-22T22:55:00,0,2024-05-23T17:15:00,London,620,$698
2024-05-22,British Airways,282,Los Angeles,2024-05-22T15:40:00,0,2024-05-23T10:10:00,London,630,$696
2024-05-22,Delta,5978,Los Angeles,2024-05-22T15:55:00,0,2024-05-23T10:15:00,London,620,$698
2024-05-22,Delta,5976,Los Angeles,2024-05-22T22:55:00,0,2024-05-23T17:15:00,London,620,$698
2024-05-22,British Airways,1509,Los Angeles,2024-05-22T14:25:00,0,2024-05-23T09:00:00,London,635,$696
2024-05-23,Norse Atlantic Airways (UK),712,Los Angeles,2024-05-23T16:30:00,0,2024-05-24T10:55:00,London,625,$431
2024-05-23,Virgin Atlantic,142,Los Angeles,2024-05-23T19:10:00,0,2024-05-24T13:30:00,London,620,$748
2024-05-23,Virgin Atlantic,8,Los Angeles,2024-05-23T15:55:00,0,2024-05-24T10:15:00,London,620,$748
2024-05-23,Virgin Atlantic,24,Los Angeles,2024-05-23T22:55:00,0,2024-05-24T17:15:00,London,620,$748
2024-05-23,Delta,5925,Los Angeles,2024-05-23T19:10:00,0,2024-05-24T13:30:00,London,620,$748
2024-05-23,Delta,5978,Los Angeles,2024-05-23T15:55:00,0,2024-05-24T10:15:00,London,620,$748
2024-05-23,Delta,5976,Los Angeles,2024-05-23T22:55:00,0,2024-05-24T17:15:00,London,620,$748
2024-05-23,British Airways,268,Los Angeles,2024-05-23T19:30:00,0,2024-05-24T14:00:00,London,630,$793
2024-05-23,British Airways,282,Los Angeles,2024-05-23T15:40:00,0,2024-05-24T10:10:00,London,630,$793
2024-05-23,British Airways,1604,Los Angeles,2024-05-23T18:15:00,0,2024-05-24T12:50:00,London,635,$793
2024-05-24,Norse Atlantic Airways (UK),712,Los Angeles,2024-05-24T16:30:00,0,2024-05-25T10:55:00,London,625,$431
2024-05-24,Virgin Atlantic,142,Los Angeles,2024-05-24T19:10:00,0,2024-05-25T13:30:00,London,620,$748
2024-05-24,Virgin Atlantic,24,Los Angeles,2024-05-24T22:55:00,0,2024-05-25T17:15:00,London,620,$748
2024-05-24,Virgin Atlantic,8,Los Angeles,2024-05-24T15:55:00,0,2024-05-25T10:15:00,London,620,$748
2024-05-24,Delta,5925,Los Angeles,2024-05-24T19:10:00,0,2024-05-25T13:30:00,London,620,$748
2024-05-24,Delta,5978,Los Angeles,2024-05-24T15:55:00,0,2024-05-25T10:15:00,London,620,$748
2024-05-24,Delta,5976,Los Angeles,2024-05-24T22:55:00,0,2024-05-25T17:15:00,London,620,$748
2024-05-24,British Airways,268,Los Angeles,2024-05-24T19:30:00,0,2024-05-25T14:00:00,London,630,$796
2024-05-24,British Airways,282,Los Angeles,2024-05-24T15:40:00,0,2024-05-25T10:10:00,London,630,$796
2024-05-24,Lufthansa,9343,Los Angeles,2024-05-24T17:00:00,0,2024-05-25T11:25:00,London,625,$754
2024-05-25,Virgin Atlantic,142,Los Angeles,2024-05-25T19:10:00,0,2024-05-26T13:30:00,London,620,$748
2024-05-25,Virgin Atlantic,8,Los Angeles,2024-05-25T15:55:00,0,2024-05-26T10:15:00,London,620,$748
2024-05-25,Virgin Atlantic,24,Los Angeles,2024-05-25T22:55:00,0,2024-05-26T17:15:00,London,620,$748
2024-05-25,Delta,5978,Los Angeles,2024-05-25T15:55:00,0,2024-05-26T10:15:00,London,620,$748
2024-05-25,Delta,5925,Los Angeles,2024-05-25T19:10:00,0,2024-05-26T13:30:00,London,620,$748
2024-05-25,Delta,5976,Los Angeles,2024-05-25T22:55:00,0,2024-05-26T17:15:00,London,620,$748
2024-05-25,British Airways,280,Los Angeles,2024-05-25T17:10:00,0,2024-05-26T11:30:00,London,620,$796
2024-05-25,British Airways,268,Los Angeles,2024-05-25T19:30:00,0,2024-05-26T14:00:00,London,630,$796
2024-05-25,British Airways,282,Los Angeles,2024-05-25T15:40:00,0,2024-05-26T10:10:00,London,630,$796
2024-05-25,American Airlines,6991,Los Angeles,2024-05-25T17:10:00,0,2024-05-26T11:30:00,London,620,$798
2024-05-26,British Airways,280,Los Angeles,2024-05-26T17:10:00,0,2024-05-27T11:30:00,London,620,$696
2024-05-26,Virgin Atlantic,8,Los Angeles,2024-05-26T15:55:00,0,2024-05-27T10:15:00,London,620,$698
2024-05-26,Virgin Atlantic,142,Los Angeles,2024-05-26T19:10:00,0,2024-05-27T13:30:00,London,620,$698
2024-05-26,British Airways,282,Los Angeles,2024-05-26T15:40:00,0,2024-05-27T10:10:00,London,630,$696
2024-05-26,British Airways,268,Los Angeles,2024-05-26T19:30:00,0,2024-05-27T14:00:00,London,630,$696
2024-05-26,Delta,5978,Los Angeles,2024-05-26T15:55:00,0,2024-05-27T10:15:00,London,620,$698
2024-05-26,American Airlines,6991,Los Angeles,2024-05-26T17:10:00,0,2024-05-27T11:30:00,London,620,$698
2024-05-26,British Airways,1604,Los Angeles,2024-05-26T18:15:00,0,2024-05-27T12:50:00,London,635,$696
2024-05-26,Delta,5925,Los Angeles,2024-05-26T19:10:00,0,2024-05-27T13:30:00,London,620,$698
2024-05-26,Virgin Atlantic,24,Los Angeles,2024-05-26T22:55:00,0,2024-05-27T17:15:00,London,620,$698
2024-05-27,British Airways,280,Los Angeles,2024-05-27T17:10:00,0,2024-05-28T11:30:00,London,620,$696
2024-05-27,Virgin Atlantic,8,Los Angeles,2024-05-27T15:55:00,0,2024-05-28T10:15:00,London,620,$698
2024-05-27,Virgin Atlantic,142,Los Angeles,2024-05-27T19:10:00,0,2024-05-28T13:30:00,London,620,$698
2024-05-27,British Airways,282,Los Angeles,2024-05-27T15:40:00,0,2024-05-28T10:10:00,London,630,$696
2024-05-27,British Airways,268,Los Angeles,2024-05-27T19:30:00,0,2024-05-28T14:00:00,London,630,$696
2024-05-27,British Airways,1509,Los Angeles,2024-05-27T14:25:00,0,2024-05-28T09:00:00,London,635,$696
2024-05-27,Delta,5978,Los Angeles,2024-05-27T15:55:00,0,2024-05-28T10:15:00,London,620,$698
2024-05-27,Virgin Atlantic,24,Los Angeles,2024-05-27T22:55:00,0,2024-05-28T17:15:00,London,620,$698
2024-05-27,American Airlines,6991,Los Angeles,2024-05-27T17:10:00,0,2024-05-28T11:30:00,London,620,$698
2024-05-27,Delta,5925,Los Angeles,2024-05-27T19:10:00,0,2024-05-28T13:30:00,London,620,$698
2024-05-28,Norse Atlantic Airways (UK),712,Los Angeles,2024-05-28T16:30:00,0,2024-05-29T10:55:00,London,625,$460
2024-05-28,British Airways,280,Los Angeles,2024-05-28T17:10:00,0,2024-05-29T11:30:00,London,620,$698
2024-05-28,Virgin Atlantic,8,Los Angeles,2024-05-28T15:55:00,0,2024-05-29T10:15:00,London,620,$698
2024-05-28,Virgin Atlantic,142,Los Angeles,2024-05-28T19:10:00,0,2024-05-29T13:30:00,London,620,$698
2024-05-28,British Airways,268,Los Angeles,2024-05-28T19:30:00,0,2024-05-29T14:00:00,London,630,$696
2024-05-28,Virgin Atlantic,24,Los Angeles,2024-05-28T22:55:00,0,2024-05-29T17:15:00,London,620,$698
2024-05-28,British Airways,282,Los Angeles,2024-05-28T15:40:00,0,2024-05-29T10:10:00,London,630,$696
2024-05-28,United,923,Los Angeles,2024-05-28T17:00:00,0,2024-05-29T11:25:00,London,625,$698
2024-05-28,Delta,5925,Los Angeles,2024-05-28T19:10:00,0,2024-05-29T13:30:00,London,620,$698
2024-05-28,Delta,5978,Los Angeles,2024-05-28T15:55:00,0,2024-05-29T10:15:00,London,620,$698
2024-05-29,Norse Atlantic Airways (UK),712,Los Angeles,2024-05-29T16:30:00,0,2024-05-30T10:55:00,London,625,$488
2024-05-29,British Airways,280,Los Angeles,2024-05-29T17:10:00,0,2024-05-30T11:30:00,London,620,$696
2024-05-29,Virgin Atlantic,142,Los Angeles,2024-05-29T19:10:00,0,2024-05-30T13:30:00,London,620,$698
2024-05-29,Virgin Atlantic,8,Los Angeles,2024-05-29T15:55:00,0,2024-05-30T10:15:00,London,620,$698
2024-05-29,British Airways,268,Los Angeles,2024-05-29T19:30:00,0,2024-05-30T14:00:00,London,630,$696
2024-05-29,Delta,5925,Los Angeles,2024-05-29T19:10:00,0,2024-05-30T13:30:00,London,620,$698
2024-05-29,British Airways,1604,Los Angeles,2024-05-29T18:15:00,0,2024-05-30T12:50:00,London,635,$696
2024-05-29,Delta,5978,Los Angeles,2024-05-29T15:55:00,0,2024-05-30T10:15:00,London,620,$698
2024-05-29,Virgin Atlantic,24,Los Angeles,2024-05-29T22:55:00,0,2024-05-30T17:15:00,London,620,$698
2024-05-29,American Airlines,6991,Los Angeles,2024-05-29T17:10:00,0,2024-05-30T11:30:00,London,620,$698
2024-05-30,Norse Atlantic Airways (UK),712,Los Angeles,2024-05-30T16:30:00,0,2024-05-31T10:55:00,London,625,$458
2024-05-30,Virgin Atlantic,142,Los Angeles,2024-05-30T19:10:00,0,2024-05-31T13:30:00,London,620,$748
2024-05-30,Virgin Atlantic,8,Los Angeles,2024-05-30T15:55:00,0,2024-05-31T10:15:00,London,620,$748
2024-05-30,Virgin Atlantic,24,Los Angeles,2024-05-30T22:55:00,0,2024-05-31T17:15:00,London,620,$748
2024-05-30,Delta,5978,Los Angeles,2024-05-30T15:55:00,0,2024-05-31T10:15:00,London,620,$748
2024-05-30,Delta,5925,Los Angeles,2024-05-30T19:10:00,0,2024-05-31T13:30:00,London,620,$748
2024-05-30,Delta,5976,Los Angeles,2024-05-30T22:55:00,0,2024-05-31T17:15:00,London,620,$748
2024-05-30,British Airways,268,Los Angeles,2024-05-30T19:30:00,0,2024-05-31T14:00:00,London,630,$798
2024-05-30,British Airways,1604,Los Angeles,2024-05-30T18:15:00,0,2024-05-31T12:50:00,London,635,$796
2024-05-30,British Airways,1509,Los Angeles,2024-05-30T14:25:00,0,2024-05-31T09:00:00,London,635,$796
2024-05-31,Norse Atlantic Airways (UK),712,Los Angeles,2024-05-31T16:30:00,0,2024-06-01T10:55:00,London,625,$490
2024-05-31,Virgin Atlantic,142,Los Angeles,2024-05-31T19:10:00,0,2024-06-01T13:30:00,London,620,$748
2024-05-31,Virgin Atlantic,8,Los Angeles,2024-05-31T15:55:00,0,2024-06-01T10:15:00,London,620,$748
2024-05-31,Virgin Atlantic,24,Los Angeles,2024-05-31T22:55:00,0,2024-06-01T17:15:00,London,620,$748
2024-05-31,Delta,5925,Los Angeles,2024-05-31T19:10:00,0,2024-06-01T13:30:00,London,620,$748
2024-05-31,Delta,5978,Los Angeles,2024-05-31T15:55:00,0,2024-06-01T10:15:00,London,620,$748
2024-05-31,Delta,5976,Los Angeles,2024-05-31T22:55:00,0,2024-06-01T17:15:00,London,620,$748
2024-05-31,Lufthansa,9343,Los Angeles,2024-05-31T17:00:00,0,2024-06-01T11:25:00,London,625,$754
2024-05-31,Lufthansa,9336,Los Angeles,2024-05-31T13:00:00,0,2024-06-01T07:25:00,London,625,$754
2024-05-31,British Airways,1604,Los Angeles,2024-05-31T18:15:00,0,2024-06-01T12:50:00,London,635,$796
2024-06-01,Norse Atlantic Airways (UK),712,Los Angeles,2024-06-01T16:30:00,0,2024-06-02T10:55:00,London,625,$530
2024-06-01,Virgin Atlantic,8,Los Angeles,2024-06-01T15:55:00,0,2024-06-02T10:15:00,London,620,$748
2024-06-01,Virgin Atlantic,24,Los Angeles,2024-06-01T22:55:00,0,2024-06-02T17:15:00,London,620,$748
2024-06-01,Delta,5976,Los Angeles,2024-06-01T22:55:00,0,2024-06-02T17:15:00,London,620,$748
2024-06-01,British Airways,280,Los Angeles,2024-06-01T17:10:00,0,2024-06-02T11:30:00,London,620,$798
2024-06-01,United,231,Los Angeles,2024-06-01T13:00:00,0,2024-06-02T07:25:00,London,625,$798
2024-06-01,British Airways,1509,Los Angeles,2024-06-01T14:25:00,0,2024-06-02T09:00:00,London,635,$793
2024-06-01,United,923,Los Angeles,2024-06-01T17:00:00,0,2024-06-02T11:25:00,London,625,$798
2024-06-01,British Airways,1604,Los Angeles,2024-06-01T18:15:00,0,2024-06-02T12:50:00,London,635,$812
2024-06-01,American Airlines,136,Los Angeles,2024-06-01T14:25:00,0,2024-06-02T09:00:00,London,635,$798
2024-06-02,Norse Atlantic Airways (UK),712,Los Angeles,2024-06-02T16:30:00,0,2024-06-03T10:55:00,London,625,$530
2024-06-02,British Airways,1604,Los Angeles,2024-06-02T18:15:00,0,2024-06-03T12:50:00,London,635,$693
2024-06-02,Delta,5978,Los Angeles,2024-06-02T15:55:00,0,2024-06-03T10:15:00,London,620,$698
2024-06-02,Delta,5925,Los Angeles,2024-06-02T19:10:00,0,2024-06-03T13:30:00,London,620,$698
2024-06-02,United,923,Los Angeles,2024-06-02T17:00:00,0,2024-06-03T11:25:00,London,625,$698
2024-06-02,British Airways,1509,Los Angeles,2024-06-02T14:25:00,0,2024-06-03T09:00:00,London,635,$696
2024-06-02,United,231,Los Angeles,2024-06-02T13:00:00,0,2024-06-03T07:25:00,London,625,$698
2024-06-02,British Airways,1613,Los Angeles,2024-06-02T21:25:00,0,2024-06-03T16:05:00,London,640,$693
2024-06-02,Delta,5976,Los Angeles,2024-06-02T22:55:00,0,2024-06-03T17:15:00,London,620,$698
2024-06-02,American Airlines,136,Los Angeles,2024-06-02T14:25:00,0,2024-06-03T09:00:00,London,635,$698
2024-06-03,Norse Atlantic Airways (UK),712,Los Angeles,2024-06-03T16:30:00,0,2024-06-04T10:55:00,London,625,$567
2024-06-03,British Airways,268,Los Angeles,2024-06-03T19:40:00,0,2024-06-04T14:00:00,London,620,$693
2024-06-03,British Airways,282,Los Angeles,2024-06-03T15:50:00,0,2024-06-04T10:10:00,London,620,$693
2024-06-03,Virgin Atlantic,142,Los Angeles,2024-06-03T19:10:00,0,2024-06-04T13:30:00,London,620,$698
2024-06-03,Virgin Atlantic,8,Los Angeles,2024-06-03T15:55:00,0,2024-06-04T10:15:00,London,620,$698
2024-06-03,British Airways,1604,Los Angeles,2024-06-03T18:15:00,0,2024-06-04T12:50:00,London,635,$693
2024-06-03,British Airways,1509,Los Angeles,2024-06-03T14:25:00,0,2024-06-04T09:00:00,London,635,$693
2024-06-03,Delta,5978,Los Angeles,2024-06-03T15:55:00,0,2024-06-04T10:15:00,London,620,$698
2024-06-03,Delta,5925,Los Angeles,2024-06-03T19:10:00,0,2024-06-04T13:30:00,London,620,$698
2024-06-03,United,923,Los Angeles,2024-06-03T17:00:00,0,2024-06-04T11:25:00,London,625,$698
2024-06-04,British Airways,268,Los Angeles,2024-06-04T19:40:00,0,2024-06-05T14:00:00,London,620,$693
2024-06-04,Virgin Atlantic,142,Los Angeles,2024-06-04T19:10:00,0,2024-06-05T13:30:00,London,620,$698
2024-06-04,British Airways,1604,Los Angeles,2024-06-04T18:15:00,0,2024-06-05T12:50:00,London,635,$693
2024-06-04,Virgin Atlantic,8,Los Angeles,2024-06-04T15:55:00,0,2024-06-05T10:15:00,London,620,$698
2024-06-04,Delta,5925,Los Angeles,2024-06-04T19:10:00,0,2024-06-05T13:30:00,London,620,$698
2024-06-04,American Airlines,6983,Los Angeles,2024-06-04T19:40:00,0,2024-06-05T14:00:00,London,620,$698
2024-06-04,British Airways,1613,Los Angeles,2024-06-04T21:25:00,0,2024-06-05T16:05:00,London,640,$693
2024-06-04,United,923,Los Angeles,2024-06-04T17:00:00,0,2024-06-05T11:25:00,London,625,$698
2024-06-04,Delta,5978,Los Angeles,2024-06-04T15:55:00,0,2024-06-05T10:15:00,London,620,$698
2024-06-04,American Airlines,134,Los Angeles,2024-06-04T18:15:00,0,2024-06-05T12:50:00,London,635,$698
2024-06-05,Norse Atlantic Airways (UK),712,Los Angeles,2024-06-05T16:30:00,0,2024-06-06T10:55:00,London,625,$596
2024-06-05,Virgin Atlantic,142,Los Angeles,2024-06-05T19:10:00,0,2024-06-06T13:30:00,London,620,$698
2024-06-05,Virgin Atlantic,8,Los Angeles,2024-06-05T15:55:00,0,2024-06-06T10:15:00,London,620,$698
2024-06-05,Delta,5925,Los Angeles,2024-06-05T19:10:00,0,2024-06-06T13:30:00,London,620,$698
2024-06-05,British Airways,1604,Los Angeles,2024-06-05T18:10:00,0,2024-06-06T12:50:00,London,640,$693
2024-06-05,Virgin Atlantic,24,Los Angeles,2024-06-05T22:55:00,0,2024-06-06T17:15:00,London,620,$698
2024-06-05,British Airways,1613,Los Angeles,2024-06-05T21:30:00,0,2024-06-06T16:05:00,London,635,$693
2024-06-05,Delta,5978,Los Angeles,2024-06-05T15:55:00,0,2024-06-06T10:15:00,London,620,$698
2024-06-05,United,923,Los Angeles,2024-06-05T17:00:00,0,2024-06-06T11:25:00,London,625,$698
2024-06-05,British Airways,282,Los Angeles,2024-06-05T15:50:00,0,2024-06-06T10:10:00,London,620,$711
2024-06-06,Norse Atlantic Airways (UK),712,Los Angeles,2024-06-06T16:30:00,0,2024-06-07T10:55:00,London,625,$596
2024-06-06,British Airways,282,Los Angeles,2024-06-06T15:50:00,0,2024-06-07T10:10:00,London,620,$798
2024-06-06,United,923,Los Angeles,2024-06-06T17:00:00,0,2024-06-07T11:25:00,London,625,$798
2024-06-06,British Airways,1604,Los Angeles,2024-06-06T18:10:00,0,2024-06-07T12:50:00,London,640,$796
2024-06-06,British Airways,1613,Los Angeles,2024-06-06T21:30:00,0,2024-06-07T16:05:00,London,635,$796
2024-06-06,United,231,Los Angeles,2024-06-06T13:00:00,0,2024-06-07T07:25:00,London,625,$798
2024-06-06,British Airways,268,Los Angeles,2024-06-06T19:40:00,0,2024-06-07T14:00:00,London,620,$835
2024-06-06,British Airways,1509,Los Angeles,2024-06-06T14:20:00,0,2024-06-07T09:00:00,London,640,$796
2024-06-06,WestJet,1525,Los Angeles,2024-06-06T14:45:00,1,2024-06-07T12:05:00,London,800,$598
2024-06-06,Virgin Atlantic,8,Los Angeles,2024-06-06T15:55:00,0,2024-06-07T10:15:00,London,620,$848
2024-06-07,Norse Atlantic Airways (UK),712,Los Angeles,2024-06-07T16:30:00,0,2024-06-08T10:55:00,London,625,$610
2024-06-07,United,923,Los Angeles,2024-06-07T17:00:00,0,2024-06-08T11:25:00,London,625,$798
2024-06-07,British Airways,1613,Los Angeles,2024-06-07T21:30:00,0,2024-06-08T16:05:00,London,635,$798
2024-06-07,British Airways,1604,Los Angeles,2024-06-07T18:10:00,0,2024-06-08T12:50:00,London,640,$798
2024-06-07,United,231,Los Angeles,2024-06-07T13:00:00,0,2024-06-08T07:25:00,London,625,$798
2024-06-07,British Airways,1509,Los Angeles,2024-06-07T14:20:00,0,2024-06-08T09:00:00,London,640,$798
2024-06-07,Virgin Atlantic,142,Los Angeles,2024-06-07T19:10:00,0,2024-06-08T13:30:00,London,620,$848
2024-06-07,American Airlines,138,Los Angeles,2024-06-07T21:30:00,0,2024-06-08T16:05:00,London,635,$798
2024-06-07,American Airlines,134,Los Angeles,2024-06-07T18:10:00,0,2024-06-08T12:50:00,London,640,$798
2024-06-07,Virgin Atlantic,8,Los Angeles,2024-06-07T15:55:00,0,2024-06-08T10:15:00,London,620,$848
2024-06-08,Norse Atlantic Airways (UK),712,Los Angeles,2024-06-08T16:30:00,0,2024-06-09T10:55:00,London,625,$665
2024-06-08,British Airways,268,Los Angeles,2024-06-08T19:40:00,0,2024-06-09T14:00:00,London,620,$796
2024-06-08,United,231,Los Angeles,2024-06-08T13:00:00,0,2024-06-09T07:25:00,London,625,$798
2024-06-08,United,923,Los Angeles,2024-06-08T17:00:00,0,2024-06-09T11:25:00,London,625,$798
2024-06-08,American Airlines,6983,Los Angeles,2024-06-08T19:40:00,0,2024-06-09T14:00:00,London,620,$798
2024-06-08,British Airways,1613,Los Angeles,2024-06-08T21:30:00,0,2024-06-09T16:05:00,London,635,$796
2024-06-08,British Airways,1509,Los Angeles,2024-06-08T14:20:00,0,2024-06-09T09:00:00,London,640,$796
2024-06-08,British Airways,1604,Los Angeles,2024-06-08T18:10:00,0,2024-06-09T12:50:00,London,640,$796
2024-06-08,WestJet,1525,Los Angeles,2024-06-08T14:45:00,1,2024-06-09T12:00:00,London,795,$598
2024-06-08,Lufthansa,9336,Los Angeles,2024-06-08T13:00:00,0,2024-06-09T07:25:00,London,625,$798
2024-06-09,Norse Atlantic Airways (UK),712,Los Angeles,2024-06-09T16:30:00,0,2024-06-10T10:55:00,London,625,$571
2024-06-09,British Airways,282,Los Angeles,2024-06-09T15:50:00,0,2024-06-10T10:10:00,London,620,$698
2024-06-09,Virgin Atlantic,142,Los Angeles,2024-06-09T19:10:00,0,2024-06-10T13:30:00,London,620,$698
2024-06-09,American Airlines,6935,Los Angeles,2024-06-09T15:50:00,0,2024-06-10T10:10:00,London,620,$698
2024-06-09,United,231,Los Angeles,2024-06-09T13:00:00,0,2024-06-10T07:25:00,London,625,$698
2024-06-09,United,923,Los Angeles,2024-06-09T17:00:00,0,2024-06-10T11:25:00,London,625,$698
2024-06-09,Delta,5925,Los Angeles,2024-06-09T19:10:00,0,2024-06-10T13:30:00,London,620,$698
2024-06-09,British Airways,1604,Los Angeles,2024-06-09T18:10:00,0,2024-06-10T12:50:00,London,640,$698
2024-06-09,Iberia,7440,Los Angeles,2024-06-09T15:50:00,0,2024-06-10T10:10:00,London,620,$685
2024-06-09,American Airlines,134,Los Angeles,2024-06-09T18:10:00,0,2024-06-10T12:50:00,London,640,$698
2024-06-10,Norse Atlantic Airways (UK),712,Los Angeles,2024-06-10T16:30:00,0,2024-06-11T10:55:00,London,625,$570
2024-06-10,United,923,Los Angeles,2024-06-10T17:00:00,0,2024-06-11T11:25:00,London,625,$698
2024-06-10,British Airways,1604,Los Angeles,2024-06-10T18:10:00,0,2024-06-11T12:50:00,London,640,$698
2024-06-10,American Airlines,134,Los Angeles,2024-06-10T18:10:00,0,2024-06-11T12:50:00,London,640,$698
2024-06-10,Lufthansa,9343,Los Angeles,2024-06-10T17:00:00,0,2024-06-11T11:25:00,London,625,$698
2024-06-10,Alaska Airlines,8034,Los Angeles,2024-06-10T18:10:00,0,2024-06-11T12:50:00,London,640,$698
2024-06-10,Iberia,4262,Los Angeles,2024-06-10T18:10:00,0,2024-06-11T12:50:00,London,640,$685
2024-06-10,British Airways,268,Los Angeles,2024-06-10T19:40:00,0,2024-06-11T14:00:00,London,620,$797
2024-06-10,Finnair,4013,Los Angeles,2024-06-10T18:10:00,0,2024-06-11T12:50:00,London,640,$698
2024-06-10,Virgin Atlantic,8,Los Angeles,2024-06-10T15:55:00,0,2024-06-11T10:15:00,London,620,$798
2024-06-11,Virgin Atlantic,8,Los Angeles,2024-06-11T15:55:00,0,2024-06-12T10:15:00,London,620,$698
2024-06-11,British Airways,1613,Los Angeles,2024-06-11T21:30:00,0,2024-06-12T16:05:00,London,635,$698
2024-06-11,British Airways,1604,Los Angeles,2024-06-11T18:10:00,0,2024-06-12T12:50:00,London,640,$698
2024-06-11,United,923,Los Angeles,2024-06-11T17:00:00,0,2024-06-12T11:25:00,London,625,$698
2024-06-11,Delta,5978,Los Angeles,2024-06-11T15:55:00,0,2024-06-12T10:15:00,London,620,$698
2024-06-11,United,231,Los Angeles,2024-06-11T13:00:00,0,2024-06-12T07:25:00,London,625,$698
2024-06-11,British Airways,1509,Los Angeles,2024-06-11T14:20:00,0,2024-06-12T09:00:00,London,640,$698
2024-06-11,American Airlines,134,Los Angeles,2024-06-11T18:10:00,0,2024-06-12T12:50:00,London,640,$698
2024-06-11,American Airlines,138,Los Angeles,2024-06-11T21:30:00,0,2024-06-12T16:05:00,London,635,$698
2024-06-11,American Airlines,136,Los Angeles,2024-06-11T14:20:00,0,2024-06-12T09:00:00,London,640,$698
2024-06-12,Virgin Atlantic,142,Los Angeles,2024-06-12T19:10:00,0,2024-06-13T13:30:00,London,620,$698
2024-06-12,Delta,5925,Los Angeles,2024-06-12T19:10:00,0,2024-06-13T13:30:00,London,620,$698
2024-06-12,British Airways,1604,Los Angeles,2024-06-12T18:10:00,0,2024-06-13T12:50:00,London,640,$696
2024-06-12,United,923,Los Angeles,2024-06-12T17:00:00,0,2024-06-13T11:25:00,London,625,$698
2024-06-12,British Airways,1613,Los Angeles,2024-06-12T21:30:00,0,2024-06-13T16:05:00,London,635,$696
2024-06-12,United,231,Los Angeles,2024-06-12T13:00:00,0,2024-06-13T07:25:00,London,625,$698
2024-06-12,British Airways,1509,Los Angeles,2024-06-12T14:20:00,0,2024-06-13T09:00:00,London,640,$696
2024-06-12,American Airlines,134,Los Angeles,2024-06-12T18:10:00,0,2024-06-13T12:50:00,London,640,$698
2024-06-12,American Airlines,138,Los Angeles,2024-06-12T21:30:00,0,2024-06-13T16:05:00,London,635,$698
2024-06-12,American Airlines,136,Los Angeles,2024-06-12T14:20:00,0,2024-06-13T09:00:00,London,640,$698
2024-06-13,Virgin Atlantic,142,Los Angeles,2024-06-13T19:10:00,0,2024-06-14T13:30:00,London,620,$748
2024-06-13,Delta,5925,Los Angeles,2024-06-13T19:10:00,0,2024-06-14T13:30:00,London,620,$748
2024-06-13,Iberia,7440,Los Angeles,2024-06-13T15:50:00,0,2024-06-14T10:10:00,London,620,$752
2024-06-13,British Airways,282,Los Angeles,2024-06-13T15:50:00,0,2024-06-14T10:10:00,London,620,$796
2024-06-13,British Airways,268,Los Angeles,2024-06-13T19:40:00,0,2024-06-14T14:00:00,London,620,$812
2024-06-13,British Airways,1604,Los Angeles,2024-06-13T18:10:00,0,2024-06-14T12:50:00,London,640,$796
2024-06-13,United,923,Los Angeles,2024-06-13T17:00:00,0,2024-06-14T11:25:00,London,625,$798
2024-06-13,British Airways,1613,Los Angeles,2024-06-13T21:30:00,0,2024-06-14T16:05:00,London,635,$796
2024-06-13,American Airlines,6935,Los Angeles,2024-06-13T15:50:00,0,2024-06-14T10:10:00,London,620,$798
2024-06-13,British Airways,1509,Los Angeles,2024-06-13T14:20:00,0,2024-06-14T09:00:00,London,640,$796
2024-06-14,Norse Atlantic Airways (UK),712,Los Angeles,2024-06-14T16:30:00,0,2024-06-15T10:55:00,London,625,$664
2024-06-14,British Airways,1613,Los Angeles,2024-06-14T21:30:00,0,2024-06-15T16:05:00,London,635,$793
2024-06-14,British Airways,1604,Los Angeles,2024-06-14T18:10:00,0,2024-06-15T12:50:00,London,640,$793
2024-06-14,United,923,Los Angeles,2024-06-14T17:00:00,0,2024-06-15T11:25:00,London,625,$798
2024-06-14,United,231,Los Angeles,2024-06-14T13:00:00,0,2024-06-15T07:25:00,London,625,$798
2024-06-14,British Airways,1509,Los Angeles,2024-06-14T14:20:00,0,2024-06-15T09:00:00,London,640,$793
2024-06-14,American Airlines,138,Los Angeles,2024-06-14T21:30:00,0,2024-06-15T16:05:00,London,635,$798
2024-06-14,American Airlines,134,Los Angeles,2024-06-14T18:10:00,0,2024-06-15T12:50:00,London,640,$798
2024-06-14,American Airlines,136,Los Angeles,2024-06-14T14:20:00,0,2024-06-15T09:00:00,London,640,$798
2024-06-14,Alaska Airlines,8038,Los Angeles,2024-06-14T21:30:00,0,2024-06-15T16:05:00,London,635,$798
2024-06-15,Norse Atlantic Airways (UK),712,Los Angeles,2024-06-15T16:30:00,0,2024-06-16T10:55:00,London,625,$609
2024-06-15,United,231,Los Angeles,2024-06-15T13:00:00,0,2024-06-16T07:25:00,London,625,$798
2024-06-15,United,923,Los Angeles,2024-06-15T17:00:00,0,2024-06-16T11:25:00,London,625,$798
2024-06-15,British Airways,1604,Los Angeles,2024-06-15T18:10:00,0,2024-06-16T12:50:00,London,640,$796
2024-06-15,American Airlines,134,Los Angeles,2024-06-15T18:10:00,0,2024-06-16T12:50:00,London,640,$798
2024-06-15,Lufthansa,9343,Los Angeles,2024-06-15T17:00:00,0,2024-06-16T11:25:00,London,625,$798
2024-06-15,Alaska Airlines,8034,Los Angeles,2024-06-15T18:10:00,0,2024-06-16T12:50:00,London,640,$798
2024-06-15,WestJet,1525,Los Angeles,2024-06-15T14:40:00,1,2024-06-16T12:00:00,London,800,$622
2024-06-15,British Airways,268,Los Angeles,2024-06-15T19:40:00,0,2024-06-16T14:00:00,London,620,$895
2024-06-15,Iberia,4262,Los Angeles,2024-06-15T18:10:00,0,2024-06-16T12:50:00,London,640,$788
2024-06-16,United,231,Los Angeles,2024-06-16T13:00:00,0,2024-06-17T07:25:00,London,625,$698
2024-06-16,United,923,Los Angeles,2024-06-16T17:00:00,0,2024-06-17T11:25:00,London,625,$698
2024-06-16,Norse Atlantic Airways (UK),712,Los Angeles,2024-06-16T16:30:00,0,2024-06-17T10:55:00,London,625,$671
2024-06-16,British Airways,268,Los Angeles,2024-06-16T19:40:00,0,2024-06-17T14:00:00,London,620,$793
2024-06-16,American Airlines,6983,Los Angeles,2024-06-16T19:40:00,0,2024-06-17T14:00:00,London,620,$798
2024-06-16,Lufthansa,9343,Los Angeles,2024-06-16T17:00:00,0,2024-06-17T11:25:00,London,625,$798
2024-06-16,Iberia,7428,Los Angeles,2024-06-16T19:40:00,0,2024-06-17T14:00:00,London,620,$785
2024-06-16,United,2146,Los Angeles,2024-06-16T16:10:00,1,2024-06-17T12:20:00,London,730,$702
2024-06-16,British Airways,1604,Los Angeles,2024-06-16T18:10:00,0,2024-06-17T12:50:00,London,640,$877
2024-06-16,British Airways,1509,Los Angeles,2024-06-16T14:20:00,0,2024-06-17T09:00:00,London,640,$877
2024-06-17,Norse Atlantic Airways (UK),712,Los Angeles,2024-06-17T16:30:00,0,2024-06-18T10:55:00,London,625,$609
2024-06-17,United,923,Los Angeles,2024-06-17T17:00:00,0,2024-06-18T11:25:00,London,625,$698
2024-06-17,United,231,Los Angeles,2024-06-17T13:00:00,0,2024-06-18T07:25:00,London,625,$698
2024-06-17,Virgin Atlantic,24,Los Angeles,2024-06-17T22:55:00,0,2024-06-18T17:15:00,London,620,$798
2024-06-17,British Airways,1613,Los Angeles,2024-06-17T21:30:00,0,2024-06-18T16:05:00,London,635,$797
2024-06-17,Delta,5976,Los Angeles,2024-06-17T22:55:00,0,2024-06-18T17:15:00,London,620,$798
2024-06-17,British Airways,1509,Los Angeles,2024-06-17T14:20:00,0,2024-06-18T09:00:00,London,640,$798
2024-06-17,American Airlines,138,Los Angeles,2024-06-17T21:30:00,0,2024-06-18T16:05:00,London,635,$798
2024-06-17,Lufthansa,9343,Los Angeles,2024-06-17T17:00:00,0,2024-06-18T11:25:00,London,625,$798
2024-06-17,American Airlines,136,Los Angeles,2024-06-17T14:20:00,0,2024-06-18T09:00:00,London,640,$798
2024-06-18,United,923,Los Angeles,2024-06-18T17:00:00,0,2024-06-19T11:25:00,London,625,$698
2024-06-18,United,231,Los Angeles,2024-06-18T13:00:00,0,2024-06-19T07:25:00,London,625,$698
2024-06-18,British Airways,1509,Los Angeles,2024-06-18T14:20:00,0,2024-06-19T09:00:00,London,640,$796
2024-06-18,American Airlines,136,Los Angeles,2024-06-18T14:20:00,0,2024-06-19T09:00:00,London,640,$798
2024-06-18,Alaska Airlines,8036,Los Angeles,2024-06-18T14:20:00,0,2024-06-19T09:00:00,London,640,$798
2024-06-18,Iberia,4237,Los Angeles,2024-06-18T14:20:00,0,2024-06-19T09:00:00,London,640,$785
2024-06-18,British Airways,1604,Los Angeles,2024-06-18T18:10:00,0,2024-06-19T12:50:00,London,640,$877
2024-06-18,British Airways,1613,Los Angeles,2024-06-18T21:30:00,0,2024-06-19T16:05:00,London,635,$877
2024-06-18,WestJet,1525,Los Angeles,2024-06-18T14:40:00,1,2024-06-19T12:05:00,London,805,$655
2024-06-18,British Airways,6122,Los Angeles,2024-06-18T20:15:00,1,2024-06-19T17:20:00,London,785,$699
2024-06-19,Norse Atlantic Airways (UK),712,Los Angeles,2024-06-19T16:30:00,0,2024-06-20T10:55:00,London,625,$608
2024-06-19,British Airways,1604,Los Angeles,2024-06-19T18:10:00,0,2024-06-20T12:50:00,London,640,$696
2024-06-19,United,923,Los Angeles,2024-06-19T17:00:00,0,2024-06-20T11:25:00,London,625,$698
2024-06-19,British Airways,1613,Los Angeles,2024-06-19T21:30:00,0,2024-06-20T16:05:00,London,635,$696
2024-06-19,United,231,Los Angeles,2024-06-19T13:00:00,0,2024-06-20T07:25:00,London,625,$698
2024-06-19,American Airlines,134,Los Angeles,2024-06-19T18:10:00,0,2024-06-20T12:50:00,London,640,$698
2024-06-19,American Airlines,138,Los Angeles,2024-06-19T21:30:00,0,2024-06-20T16:05:00,London,635,$698
2024-06-19,Alaska Airlines,8034,Los Angeles,2024-06-19T18:10:00,0,2024-06-20T12:50:00,London,640,$692
2024-06-19,Alaska Airlines,8038,Los Angeles,2024-06-19T21:30:00,0,2024-06-20T16:05:00,London,635,$692
2024-06-19,Alaska Airlines,8036,Los Angeles,2024-06-19T14:20:00,0,2024-06-20T09:00:00,London,640,$697
2024-06-20,Norse Atlantic Airways (UK),712,Los Angeles,2024-06-20T16:30:00,0,2024-06-21T10:55:00,London,625,$568
2024-06-20,British Airways,268,Los Angeles,2024-06-20T19:40:00,0,2024-06-21T14:00:00,London,620,$796
2024-06-20,United,923,Los Angeles,2024-06-20T17:00:00,0,2024-06-21T11:25:00,London,625,$798
2024-06-20,American Airlines,6983,Los Angeles,2024-06-20T19:40:00,0,2024-06-21T14:00:00,London,620,$798
2024-06-20,British Airways,1604,Los Angeles,2024-06-20T18:10:00,0,2024-06-21T12:50:00,London,640,$796
2024-06-20,United,231,Los Angeles,2024-06-20T13:00:00,0,2024-06-21T07:25:00,London,625,$798
2024-06-20,British Airways,1613,Los Angeles,2024-06-20T21:30:00,0,2024-06-21T16:05:00,London,635,$796
2024-06-20,British Airways,1509,Los Angeles,2024-06-20T14:20:00,0,2024-06-21T09:00:00,London,640,$796
2024-06-20,American Airlines,138,Los Angeles,2024-06-20T21:30:00,0,2024-06-21T16:05:00,London,635,$798
2024-06-20,American Airlines,134,Los Angeles,2024-06-20T18:10:00,0,2024-06-21T12:50:00,London,640,$798
2024-06-21,Norse Atlantic Airways (UK),712,Los Angeles,2024-06-21T16:30:00,0,2024-06-22T10:55:00,London,625,$570
2024-06-21,Virgin Atlantic,8,Los Angeles,2024-06-21T15:55:00,0,2024-06-22T10:15:00,London,620,$748
2024-06-21,Virgin Atlantic,24,Los Angeles,2024-06-21T22:55:00,0,2024-06-22T17:15:00,London,620,$748
2024-06-21,Delta,5978,Los Angeles,2024-06-21T15:55:00,0,2024-06-22T10:15:00,London,620,$748
2024-06-21,Delta,5976,Los Angeles,2024-06-21T22:55:00,0,2024-06-22T17:15:00,London,620,$748
2024-06-21,United,923,Los Angeles,2024-06-21T17:00:00,0,2024-06-22T11:25:00,London,625,$798
2024-06-21,Iberia,7440,Los Angeles,2024-06-21T15:50:00,0,2024-06-22T10:10:00,London,620,$758
2024-06-21,British Airways,1613,Los Angeles,2024-06-21T21:30:00,0,2024-06-22T16:05:00,London,635,$797
2024-06-21,British Airways,1604,Los Angeles,2024-06-21T18:10:00,0,2024-06-22T12:50:00,London,640,$797
2024-06-21,United,231,Los Angeles,2024-06-21T13:00:00,0,2024-06-22T07:25:00,London,625,$798
2024-06-22,Norse Atlantic Airways (UK),712,Los Angeles,2024-06-22T16:30:00,0,2024-06-23T10:55:00,London,625,$607
2024-06-22,Virgin Atlantic,24,Los Angeles,2024-06-22T22:55:00,0,2024-06-23T17:15:00,London,620,$748
2024-06-22,Delta,5976,Los Angeles,2024-06-22T22:55:00,0,2024-06-23T17:15:00,London,620,$748
2024-06-22,British Airways,280,Los Angeles,2024-06-22T17:10:00,0,2024-06-23T11:30:00,London,620,$798
2024-06-22,British Airways,282,Los Angeles,2024-06-22T15:50:00,0,2024-06-23T10:10:00,London,620,$797
2024-06-22,British Airways,268,Los Angeles,2024-06-22T19:40:00,0,2024-06-23T14:00:00,London,620,$797
2024-06-22,WestJet,1525,Los Angeles,2024-06-22T14:40:00,1,2024-06-23T12:00:00,London,800,$574
2024-06-22,United,231,Los Angeles,2024-06-22T13:00:00,0,2024-06-23T07:25:00,London,625,$798
2024-06-22,American Airlines,6935,Los Angeles,2024-06-22T15:50:00,0,2024-06-23T10:10:00,London,620,$798
2024-06-22,United,923,Los Angeles,2024-06-22T17:00:00,0,2024-06-23T11:25:00,London,625,$798
2024-06-23,Norse Atlantic Airways (UK),712,Los Angeles,2024-06-23T16:30:00,0,2024-06-24T10:55:00,London,625,$489
2024-06-23,British Airways,282,Los Angeles,2024-06-23T15:50:00,0,2024-06-24T10:10:00,London,620,$696
2024-06-23,British Airways,268,Los Angeles,2024-06-23T19:40:00,0,2024-06-24T14:00:00,London,620,$696
2024-06-23,Virgin Atlantic,142,Los Angeles,2024-06-23T19:10:00,0,2024-06-24T13:30:00,London,620,$698
2024-06-23,British Airways,280,Los Angeles,2024-06-23T17:10:00,0,2024-06-24T11:30:00,London,620,$711
2024-06-23,Virgin Atlantic,24,Los Angeles,2024-06-23T22:55:00,0,2024-06-24T17:15:00,London,620,$698
2024-06-23,American Airlines,6935,Los Angeles,2024-06-23T15:50:00,0,2024-06-24T10:10:00,London,620,$698
2024-06-23,United,923,Los Angeles,2024-06-23T17:00:00,0,2024-06-24T11:25:00,London,625,$698
2024-06-23,United,231,Los Angeles,2024-06-23T13:00:00,0,2024-06-24T07:25:00,London,625,$698
2024-06-23,American Airlines,6983,Los Angeles,2024-06-23T19:40:00,0,2024-06-24T14:00:00,London,620,$698
2024-06-24,Norse Atlantic Airways (UK),712,Los Angeles,2024-06-24T16:30:00,0,2024-06-25T10:55:00,London,625,$492
2024-06-24,British Airways,268,Los Angeles,2024-06-24T19:40:00,0,2024-06-25T14:00:00,London,620,$696
2024-06-24,Virgin Atlantic,142,Los Angeles,2024-06-24T19:10:00,0,2024-06-25T13:30:00,London,620,$698
2024-06-24,Virgin Atlantic,8,Los Angeles,2024-06-24T15:55:00,0,2024-06-25T10:15:00,London,620,$698
2024-06-24,Virgin Atlantic,24,Los Angeles,2024-06-24T22:55:00,0,2024-06-25T17:15:00,London,620,$698
2024-06-24,United,923,Los Angeles,2024-06-24T17:00:00,0,2024-06-25T11:25:00,London,625,$698
2024-06-24,British Airways,1613,Los Angeles,2024-06-24T21:30:00,0,2024-06-25T16:05:00,London,635,$696
2024-06-24,British Airways,1604,Los Angeles,2024-06-24T18:10:00,0,2024-06-25T12:50:00,London,640,$696
2024-06-24,Delta,5978,Los Angeles,2024-06-24T15:55:00,0,2024-06-25T10:15:00,London,620,$698
2024-06-24,Delta,5925,Los Angeles,2024-06-24T19:10:00,0,2024-06-25T13:30:00,London,620,$698
2024-06-25,British Airways,268,Los Angeles,2024-06-25T19:40:00,0,2024-06-26T14:00:00,London,620,$696
2024-06-25,Virgin Atlantic,142,Los Angeles,2024-06-25T19:10:00,0,2024-06-26T13:30:00,London,620,$698
2024-06-25,Virgin Atlantic,8,Los Angeles,2024-06-25T15:55:00,0,2024-06-26T10:15:00,London,620,$698
2024-06-25,Virgin Atlantic,24,Los Angeles,2024-06-25T22:55:00,0,2024-06-26T17:15:00,London,620,$698
2024-06-25,British Airways,1604,Los Angeles,2024-06-25T18:10:00,0,2024-06-26T12:50:00,London,640,$696
2024-06-25,Delta,5925,Los Angeles,2024-06-25T19:10:00,0,2024-06-26T13:30:00,London,620,$698
2024-06-25,British Airways,1613,Los Angeles,2024-06-25T21:30:00,0,2024-06-26T16:05:00,London,635,$696
2024-06-25,American Airlines,6983,Los Angeles,2024-06-25T19:40:00,0,2024-06-26T14:00:00,London,620,$698
2024-06-25,United,923,Los Angeles,2024-06-25T17:00:00,0,2024-06-26T11:25:00,London,625,$698
2024-06-25,Delta,5978,Los Angeles,2024-06-25T15:55:00,0,2024-06-26T10:15:00,London,620,$698
2024-06-26,Norse Atlantic Airways (UK),712,Los Angeles,2024-06-26T16:30:00,0,2024-06-27T10:55:00,London,625,$492
2024-06-26,British Airways,280,Los Angeles,2024-06-26T17:10:00,0,2024-06-27T11:30:00,London,620,$693
2024-06-26,British Airways,268,Los Angeles,2024-06-26T19:40:00,0,2024-06-27T14:00:00,London,620,$693
2024-06-26,Virgin Atlantic,142,Los Angeles,2024-06-26T19:10:00,0,2024-06-27T13:30:00,London,620,$698
2024-06-26,Virgin Atlantic,8,Los Angeles,2024-06-26T15:55:00,0,2024-06-27T10:15:00,London,620,$698
2024-06-26,Delta,5978,Los Angeles,2024-06-26T15:55:00,0,2024-06-27T10:15:00,London,620,$698
2024-06-26,Delta,5925,Los Angeles,2024-06-26T19:10:00,0,2024-06-27T13:30:00,London,620,$698
2024-06-26,United,923,Los Angeles,2024-06-26T17:00:00,0,2024-06-27T11:25:00,London,625,$698
2024-06-26,American Airlines,6991,Los Angeles,2024-06-26T17:10:00,0,2024-06-27T11:30:00,London,620,$698
2024-06-26,American Airlines,6983,Los Angeles,2024-06-26T19:40:00,0,2024-06-27T14:00:00,London,620,$698
2024-06-27,Norse Atlantic Airways (UK),712,Los Angeles,2024-06-27T16:30:00,0,2024-06-28T10:55:00,London,625,$569
2024-06-27,Virgin Atlantic,8,Los Angeles,2024-06-27T15:55:00,0,2024-06-28T10:15:00,London,620,$748
2024-06-27,Virgin Atlantic,24,Los Angeles,2024-06-27T22:55:00,0,2024-06-28T17:15:00,London,620,$748
2024-06-27,Delta,5978,Los Angeles,2024-06-27T15:55:00,0,2024-06-28T10:15:00,London,620,$748
2024-06-27,Delta,5976,Los Angeles,2024-06-27T22:55:00,0,2024-06-28T17:15:00,London,620,$748
2024-06-27,British Airways,268,Los Angeles,2024-06-27T19:40:00,0,2024-06-28T14:00:00,London,620,$796
2024-06-27,United,923,Los Angeles,2024-06-27T17:00:00,0,2024-06-28T11:25:00,London,625,$798
2024-06-27,American Airlines,6983,Los Angeles,2024-06-27T19:40:00,0,2024-06-28T14:00:00,London,620,$798
2024-06-27,British Airways,1604,Los Angeles,2024-06-27T18:10:00,0,2024-06-28T12:50:00,London,640,$796
2024-06-27,United,231,Los Angeles,2024-06-27T13:00:00,0,2024-06-28T07:25:00,London,625,$798
2024-06-28,Norse Atlantic Airways (UK),712,Los Angeles,2024-06-28T16:30:00,0,2024-06-29T10:55:00,London,625,$569
2024-06-28,Virgin Atlantic,24,Los Angeles,2024-06-28T22:55:00,0,2024-06-29T17:15:00,London,620,$748
2024-06-28,Delta,5976,Los Angeles,2024-06-28T22:55:00,0,2024-06-29T17:15:00,London,620,$748
2024-06-28,United,923,Los Angeles,2024-06-28T17:00:00,0,2024-06-29T11:25:00,London,625,$798
2024-06-28,British Airways,1613,Los Angeles,2024-06-28T21:30:00,0,2024-06-29T16:05:00,London,635,$796
2024-06-28,British Airways,1604,Los Angeles,2024-06-28T18:10:00,0,2024-06-29T12:50:00,London,640,$796
2024-06-28,United,231,Los Angeles,2024-06-28T13:00:00,0,2024-06-29T07:25:00,London,625,$798
2024-06-28,British Airways,1509,Los Angeles,2024-06-28T14:20:00,0,2024-06-29T09:00:00,London,640,$796
2024-06-28,Virgin Atlantic,8,Los Angeles,2024-06-28T15:55:00,0,2024-06-29T10:15:00,London,620,$848
2024-06-28,American Airlines,138,Los Angeles,2024-06-28T21:30:00,0,2024-06-29T16:05:00,London,635,$798
2024-06-29,Norse Atlantic Airways (UK),712,Los Angeles,2024-06-29T16:30:00,0,2024-06-30T10:55:00,London,625,$569
2024-06-29,Virgin Atlantic,24,Los Angeles,2024-06-29T22:55:00,0,2024-06-30T17:15:00,London,620,$748
2024-06-29,Delta,5976,Los Angeles,2024-06-29T22:55:00,0,2024-06-30T17:15:00,London,620,$748
2024-06-29,British Airways,268,Los Angeles,2024-06-29T19:40:00,0,2024-06-30T14:00:00,London,620,$796
2024-06-29,United,231,Los Angeles,2024-06-29T13:00:00,0,2024-06-30T07:25:00,London,625,$798
2024-06-29,United,923,Los Angeles,2024-06-29T17:00:00,0,2024-06-30T11:25:00,London,625,$798
2024-06-29,American Airlines,6983,Los Angeles,2024-06-29T19:40:00,0,2024-06-30T14:00:00,London,620,$798
2024-06-29,British Airways,1613,Los Angeles,2024-06-29T21:30:00,0,2024-06-30T16:05:00,London,635,$796
2024-06-29,British Airways,1509,Los Angeles,2024-06-29T14:20:00,0,2024-06-30T09:00:00,London,640,$796
2024-06-29,British Airways,1604,Los Angeles,2024-06-29T18:10:00,0,2024-06-30T12:50:00,London,640,$796
2024-06-30,Norse Atlantic Airways (UK),712,Los Angeles,2024-06-30T16:30:00,0,2024-07-01T10:55:00,London,625,$489
2024-06-30,British Airways,282,Los Angeles,2024-06-30T15:50:00,0,2024-07-01T10:10:00,London,620,$693
2024-06-30,British Airways,268,Los Angeles,2024-06-30T19:40:00,0,2024-07-01T14:00:00,London,620,$693
2024-06-30,Virgin Atlantic,8,Los Angeles,2024-06-30T15:55:00,0,2024-07-01T10:15:00,London,620,$698
2024-06-30,Virgin Atlantic,24,Los Angeles,2024-06-30T22:55:00,0,2024-07-01T17:15:00,London,620,$698
2024-06-30,Delta,5978,Los Angeles,2024-06-30T15:55:00,0,2024-07-01T10:15:00,London,620,$698
2024-06-30,British Airways,1604,Los Angeles,2024-06-30T18:10:00,0,2024-07-01T12:50:00,London,640,$693
2024-06-30,United,923,Los Angeles,2024-06-30T17:00:00,0,2024-07-01T11:25:00,London,625,$698
2024-06-30,American Airlines,6935,Los Angeles,2024-06-30T15:50:00,0,2024-07-01T10:10:00,London,620,$698
2024-06-30,United,231,Los Angeles,2024-06-30T13:00:00,0,2024-07-01T07:25:00,London,625,$698
2024-07-01,Norse Atlantic Airways (UK),712,Los Angeles,2024-07-01T16:30:00,0,2024-07-02T10:55:00,London,625,$529
2024-07-01,British Airways,280,Los Angeles,2024-07-01T17:10:00,0,2024-07-02T11:30:00,London,620,$696
2024-07-01,British Airways,268,Los Angeles,2024-07-01T19:40:00,0,2024-07-02T14:00:00,London,620,$696
2024-07-01,Virgin Atlantic,142,Los Angeles,2024-07-01T19:10:00,0,2024-07-02T13:30:00,London,620,$698
2024-07-01,Virgin Atlantic,8,Los Angeles,2024-07-01T15:55:00,0,2024-07-02T10:15:00,London,620,$698
2024-07-01,Virgin Atlantic,24,Los Angeles,2024-07-01T22:55:00,0,2024-07-02T17:15:00,London,620,$698
2024-07-01,British Airways,1613,Los Angeles,2024-07-01T21:30:00,0,2024-07-02T16:05:00,London,635,$696
2024-07-01,United,923,Los Angeles,2024-07-01T17:00:00,0,2024-07-02T11:25:00,London,625,$698
2024-07-01,American Airlines,6991,Los Angeles,2024-07-01T17:10:00,0,2024-07-02T11:30:00,London,620,$698
2024-07-01,Delta,5925,Los Angeles,2024-07-01T19:10:00,0,2024-07-02T13:30:00,London,620,$698
2024-07-02,British Airways,268,Los Angeles,2024-07-02T19:40:00,0,2024-07-03T14:00:00,London,620,$696
2024-07-02,British Airways,280,Los Angeles,2024-07-02T17:10:00,0,2024-07-03T11:30:00,London,620,$696
2024-07-02,Virgin Atlantic,142,Los Angeles,2024-07-02T19:10:00,0,2024-07-03T13:30:00,London,620,$698
2024-07-02,British Airways,282,Los Angeles,2024-07-02T15:50:00,0,2024-07-03T10:10:00,London,620,$696
2024-07-02,Virgin Atlantic,8,Los Angeles,2024-07-02T15:55:00,0,2024-07-03T10:15:00,London,620,$698
2024-07-02,Virgin Atlantic,24,Los Angeles,2024-07-02T22:55:00,0,2024-07-03T17:15:00,London,620,$698
2024-07-02,American Airlines,6991,Los Angeles,2024-07-02T17:10:00,0,2024-07-03T11:30:00,London,620,$698
2024-07-02,Delta,5925,Los Angeles,2024-07-02T19:10:00,0,2024-07-03T13:30:00,London,620,$698
2024-07-02,British Airways,1613,Los Angeles,2024-07-02T21:30:00,0,2024-07-03T16:05:00,London,635,$696
2024-07-02,American Airlines,6983,Los Angeles,2024-07-02T19:40:00,0,2024-07-03T14:00:00,London,620,$698
2024-07-03,Norse Atlantic Airways (UK),712,Los Angeles,2024-07-03T16:30:00,0,2024-07-04T10:55:00,London,625,$569
2024-07-03,British Airways,268,Los Angeles,2024-07-03T19:40:00,0,2024-07-04T14:00:00,London,620,$696
2024-07-03,Virgin Atlantic,142,Los Angeles,2024-07-03T19:10:00,0,2024-07-04T13:30:00,London,620,$698
2024-07-03,British Airways,282,Los Angeles,2024-07-03T15:50:00,0,2024-07-04T10:10:00,London,620,$696
2024-07-03,Virgin Atlantic,8,Los Angeles,2024-07-03T15:55:00,0,2024-07-04T10:15:00,London,620,$698
2024-07-03,Delta,5925,Los Angeles,2024-07-03T19:10:00,0,2024-07-04T13:30:00,London,620,$698
2024-07-03,Virgin Atlantic,24,Los Angeles,2024-07-03T22:55:00,0,2024-07-04T17:15:00,London,620,$698
2024-07-03,American Airlines,6983,Los Angeles,2024-07-03T19:40:00,0,2024-07-04T14:00:00,London,620,$698
2024-07-03,Delta,5978,Los Angeles,2024-07-03T15:55:00,0,2024-07-04T10:15:00,London,620,$698
2024-07-03,United,923,Los Angeles,2024-07-03T17:00:00,0,2024-07-04T11:25:00,London,625,$698
2024-07-04,Norse Atlantic Airways (UK),712,Los Angeles,2024-07-04T16:30:00,0,2024-07-05T10:55:00,London,625,$529
2024-07-04,Virgin Atlantic,142,Los Angeles,2024-07-04T19:10:00,0,2024-07-05T13:30:00,London,620,$748
2024-07-04,Virgin Atlantic,8,Los Angeles,2024-07-04T15:55:00,0,2024-07-05T10:15:00,London,620,$748
2024-07-04,Virgin Atlantic,24,Los Angeles,2024-07-04T22:55:00,0,2024-07-05T17:15:00,London,620,$748
2024-07-04,Delta,5925,Los Angeles,2024-07-04T19:10:00,0,2024-07-05T13:30:00,London,620,$748
2024-07-04,Delta,5978,Los Angeles,2024-07-04T15:55:00,0,2024-07-05T10:15:00,London,620,$748
2024-07-04,Delta,5976,Los Angeles,2024-07-04T22:55:00,0,2024-07-05T17:15:00,London,620,$748
2024-07-04,British Airways,280,Los Angeles,2024-07-04T17:10:00,0,2024-07-05T11:30:00,London,620,$796
2024-07-04,British Airways,268,Los Angeles,2024-07-04T19:40:00,0,2024-07-05T14:00:00,London,620,$796
2024-07-04,British Airways,282,Los Angeles,2024-07-04T15:50:00,0,2024-07-05T10:10:00,London,620,$796
2024-07-05,Norse Atlantic Airways (UK),712,Los Angeles,2024-07-05T16:30:00,0,2024-07-06T10:55:00,London,625,$430
2024-07-05,Virgin Atlantic,8,Los Angeles,2024-07-05T15:55:00,0,2024-07-06T10:15:00,London,620,$748
2024-07-05,Virgin Atlantic,142,Los Angeles,2024-07-05T19:10:00,0,2024-07-06T13:30:00,London,620,$748
2024-07-05,Virgin Atlantic,24,Los Angeles,2024-07-05T22:55:00,0,2024-07-06T17:15:00,London,620,$748
2024-07-05,Delta,5978,Los Angeles,2024-07-05T15:55:00,0,2024-07-06T10:15:00,London,620,$748
2024-07-05,Delta,5925,Los Angeles,2024-07-05T19:10:00,0,2024-07-06T13:30:00,London,620,$748
2024-07-05,Delta,5976,Los Angeles,2024-07-05T22:55:00,0,2024-07-06T17:15:00,London,620,$748
2024-07-05,British Airways,268,Los Angeles,2024-07-05T19:40:00,0,2024-07-06T14:00:00,London,620,$796
2024-07-05,British Airways,282,Los Angeles,2024-07-05T15:50:00,0,2024-07-06T10:10:00,London,620,$796
2024-07-05,British Airways,280,Los Angeles,2024-07-05T17:10:00,0,2024-07-06T11:30:00,London,620,$796
2024-07-06,Norse Atlantic Airways (UK),712,Los Angeles,2024-07-06T16:30:00,0,2024-07-07T10:55:00,London,625,$430
2024-07-06,Virgin Atlantic,8,Los Angeles,2024-07-06T15:55:00,0,2024-07-07T10:15:00,London,620,$748
2024-07-06,Virgin Atlantic,142,Los Angeles,2024-07-06T19:10:00,0,2024-07-07T13:30:00,London,620,$748
2024-07-06,Virgin Atlantic,24,Los Angeles,2024-07-06T22:55:00,0,2024-07-07T17:15:00,London,620,$748
2024-07-06,Delta,5978,Los Angeles,2024-07-06T15:55:00,0,2024-07-07T10:15:00,London,620,$748
2024-07-06,Delta,5925,Los Angeles,2024-07-06T19:10:00,0,2024-07-07T13:30:00,London,620,$748
2024-07-06,Delta,5976,Los Angeles,2024-07-06T22:55:00,0,2024-07-07T17:15:00,London,620,$748
2024-07-06,British Airways,282,Los Angeles,2024-07-06T15:50:00,0,2024-07-07T10:10:00,London,620,$796
2024-07-06,British Airways,280,Los Angeles,2024-07-06T17:10:00,0,2024-07-07T11:30:00,London,620,$796
2024-07-06,British Airways,268,Los Angeles,2024-07-06T19:40:00,0,2024-07-07T14:00:00,London,620,$796
2024-07-07,Norse Atlantic Airways (UK),712,Los Angeles,2024-07-07T16:30:00,0,2024-07-08T10:55:00,London,625,$430
2024-07-07,British Airways,280,Los Angeles,2024-07-07T17:10:00,0,2024-07-08T11:30:00,London,620,$692
2024-07-07,British Airways,282,Los Angeles,2024-07-07T15:50:00,0,2024-07-08T10:10:00,London,620,$692
2024-07-07,Delta,960,Los Angeles,2024-07-07T22:20:00,1,2024-07-08T20:10:00,London,830,$463
2024-07-07,British Airways,268,Los Angeles,2024-07-07T19:40:00,0,2024-07-08T14:00:00,London,620,$692
2024-07-07,Virgin Atlantic,8,Los Angeles,2024-07-07T15:55:00,0,2024-07-08T10:15:00,London,620,$698
2024-07-07,Virgin Atlantic,142,Los Angeles,2024-07-07T19:10:00,0,2024-07-08T13:30:00,London,620,$698
2024-07-07,British Airways,4789,Los Angeles,2024-07-07T23:56:00,1,2024-07-08T22:05:00,London,849,$463
2024-07-07,Virgin Atlantic,24,Los Angeles,2024-07-07T22:55:00,0,2024-07-08T17:15:00,London,620,$698
2024-07-07,Delta,5978,Los Angeles,2024-07-07T15:55:00,0,2024-07-08T10:15:00,London,620,$698
2024-07-08,Norse Atlantic Airways (UK),712,Los Angeles,2024-07-08T16:30:00,0,2024-07-09T10:55:00,London,625,$332
2024-07-08,Virgin Atlantic,142,Los Angeles,2024-07-08T19:10:00,0,2024-07-09T13:30:00,London,620,$459
2024-07-08,British Airways,1604,Los Angeles,2024-07-08T18:20:00,0,2024-07-09T12:50:00,London,630,$455
2024-07-08,Virgin Atlantic,24,Los Angeles,2024-07-08T22:55:00,0,2024-07-09T17:15:00,London,620,$459
2024-07-08,British Airways,1613,Los Angeles,2024-07-08T21:35:00,0,2024-07-09T16:05:00,London,630,$455
2024-07-08,United,923,Los Angeles,2024-07-08T17:00:00,0,2024-07-09T11:25:00,London,625,$459
2024-07-08,Delta,5925,Los Angeles,2024-07-08T19:10:00,0,2024-07-09T13:30:00,London,620,$459
2024-07-08,United,231,Los Angeles,2024-07-08T13:00:00,0,2024-07-09T07:25:00,London,625,$459
2024-07-08,Delta,5976,Los Angeles,2024-07-08T22:55:00,0,2024-07-09T17:15:00,London,620,$459
2024-07-08,British Airways,1509,Los Angeles,2024-07-08T14:30:00,0,2024-07-09T09:00:00,London,630,$472
2024-07-09,British Airways,268,Los Angeles,2024-07-09T19:40:00,0,2024-07-10T14:00:00,London,620,$459
2024-07-09,Virgin Atlantic,142,Los Angeles,2024-07-09T19:10:00,0,2024-07-10T13:30:00,London,620,$459
2024-07-09,Virgin Atlantic,8,Los Angeles,2024-07-09T15:55:00,0,2024-07-10T10:15:00,London,620,$459
2024-07-09,Virgin Atlantic,24,Los Angeles,2024-07-09T22:55:00,0,2024-07-10T17:15:00,London,620,$459
2024-07-09,British Airways,1509,Los Angeles,2024-07-09T14:30:00,0,2024-07-10T09:00:00,London,630,$459
2024-07-09,Delta,5925,Los Angeles,2024-07-09T19:10:00,0,2024-07-10T13:30:00,London,620,$459
2024-07-09,American Airlines,6983,Los Angeles,2024-07-09T19:40:00,0,2024-07-10T14:00:00,London,620,$459
2024-07-09,United,923,Los Angeles,2024-07-09T17:00:00,0,2024-07-10T11:25:00,London,625,$459
2024-07-09,Delta,5978,Los Angeles,2024-07-09T15:55:00,0,2024-07-10T10:15:00,London,620,$459
2024-07-09,Delta,5976,Los Angeles,2024-07-09T22:55:00,0,2024-07-10T17:15:00,London,620,$459
2024-07-10,Norse Atlantic Airways (UK),712,Los Angeles,2024-07-10T16:30:00,0,2024-07-11T10:55:00,London,625,$329
2024-07-10,British Airways,1604,Los Angeles,2024-07-10T18:20:00,0,2024-07-11T12:50:00,London,630,$455
2024-07-10,Virgin Atlantic,142,Los Angeles,2024-07-10T19:10:00,0,2024-07-11T13:30:00,London,620,$459
2024-07-10,Virgin Atlantic,8,Los Angeles,2024-07-10T15:55:00,0,2024-07-11T10:15:00,London,620,$459
2024-07-10,British Airways,1613,Los Angeles,2024-07-10T21:35:00,0,2024-07-11T16:05:00,London,630,$455
2024-07-10,British Airways,1509,Los Angeles,2024-07-10T14:30:00,0,2024-07-11T09:00:00,London,630,$455
2024-07-10,United,923,Los Angeles,2024-07-10T17:00:00,0,2024-07-11T11:25:00,London,625,$459
2024-07-10,Virgin Atlantic,24,Los Angeles,2024-07-10T22:55:00,0,2024-07-11T17:15:00,London,620,$459
2024-07-10,Delta,5925,Los Angeles,2024-07-10T19:10:00,0,2024-07-11T13:30:00,London,620,$459
2024-07-10,Delta,5978,Los Angeles,2024-07-10T15:55:00,0,2024-07-11T10:15:00,London,620,$459
2024-07-11,Norse Atlantic Airways (UK),712,Los Angeles,2024-07-11T16:30:00,0,2024-07-12T10:55:00,London,625,$331
2024-07-11,Virgin Atlantic,8,Los Angeles,2024-07-11T15:55:00,0,2024-07-12T10:15:00,London,620,$509
2024-07-11,Virgin Atlantic,142,Los Angeles,2024-07-11T19:10:00,0,2024-07-12T13:30:00,London,620,$509
2024-07-11,Virgin Atlantic,24,Los Angeles,2024-07-11T22:55:00,0,2024-07-12T17:15:00,London,620,$509
2024-07-11,Delta,5978,Los Angeles,2024-07-11T15:55:00,0,2024-07-12T10:15:00,London,620,$509
2024-07-11,Delta,5925,Los Angeles,2024-07-11T19:10:00,0,2024-07-12T13:30:00,London,620,$509
2024-07-11,Delta,5976,Los Angeles,2024-07-11T22:55:00,0,2024-07-12T17:15:00,London,620,$509
2024-07-11,British Airways,268,Los Angeles,2024-07-11T19:40:00,0,2024-07-12T14:00:00,London,620,$555
2024-07-11,British Airways,280,Los Angeles,2024-07-11T17:10:00,0,2024-07-12T11:30:00,London,620,$555
2024-07-11,British Airways,282,Los Angeles,2024-07-11T15:50:00,0,2024-07-12T10:10:00,London,620,$555
2024-07-12,Norse Atlantic Airways (UK),712,Los Angeles,2024-07-12T16:30:00,0,2024-07-13T10:55:00,London,625,$331
2024-07-12,Virgin Atlantic,142,Los Angeles,2024-07-12T19:10:00,0,2024-07-13T13:30:00,London,620,$509
2024-07-12,Virgin Atlantic,8,Los Angeles,2024-07-12T15:55:00,0,2024-07-13T10:15:00,London,620,$509
2024-07-12,Virgin Atlantic,24,Los Angeles,2024-07-12T22:55:00,0,2024-07-13T17:15:00,London,620,$509
2024-07-12,Delta,5925,Los Angeles,2024-07-12T19:10:00,0,2024-07-13T13:30:00,London,620,$509
2024-07-12,Delta,5978,Los Angeles,2024-07-12T15:55:00,0,2024-07-13T10:15:00,London,620,$509
2024-07-12,Delta,5976,Los Angeles,2024-07-12T22:55:00,0,2024-07-13T17:15:00,London,620,$509
2024-07-12,British Airways,268,Los Angeles,2024-07-12T19:40:00,0,2024-07-13T14:00:00,London,620,$554
2024-07-12,British Airways,280,Los Angeles,2024-07-12T17:10:00,0,2024-07-13T11:30:00,London,620,$554
2024-07-12,British Airways,282,Los Angeles,2024-07-12T15:50:00,0,2024-07-13T10:10:00,London,620,$554
2024-07-13,Norse Atlantic Airways (UK),712,Los Angeles,2024-07-13T16:30:00,0,2024-07-14T10:55:00,London,625,$331
2024-07-13,Virgin Atlantic,8,Los Angeles,2024-07-13T15:55:00,0,2024-07-14T10:15:00,London,620,$509
2024-07-13,Virgin Atlantic,142,Los Angeles,2024-07-13T19:10:00,0,2024-07-14T13:30:00,London,620,$509
2024-07-13,Virgin Atlantic,24,Los Angeles,2024-07-13T22:55:00,0,2024-07-14T17:15:00,London,620,$509
2024-07-13,Delta,5978,Los Angeles,2024-07-13T15:55:00,0,2024-07-14T10:15:00,London,620,$509
2024-07-13,Delta,5925,Los Angeles,2024-07-13T19:10:00,0,2024-07-14T13:30:00,London,620,$509
2024-07-13,Delta,5976,Los Angeles,2024-07-13T22:55:00,0,2024-07-14T17:15:00,London,620,$509
2024-07-13,British Airways,280,Los Angeles,2024-07-13T17:10:00,0,2024-07-14T11:30:00,London,620,$555
2024-07-13,British Airways,268,Los Angeles,2024-07-13T19:40:00,0,2024-07-14T14:00:00,London,620,$555
2024-07-13,British Airways,1509,Los Angeles,2024-07-13T14:30:00,0,2024-07-14T09:00:00,London,630,$555
